scenario,intervention,level,run,anc,initial_l45,final_l45,free_referral,self_referral,emergency_transfer,delay_lt1h_given_transfer,delay_1_2h_given_transfer,delay_2plus_given_transfer,iv_iron,pph_bundle,mgso4,antibiotics,oxytocin,iv_iron_given_anemia_anc,pph_bundle_given_pph,mgso4_given_eclampsia,antibiotics_given_sepsis,oxytocin_given_ol,pph,maternal_sepsis,eclampsia,obstructed_labor,aph,uterine_rupture,severe_complication,maternal_deaths_per_100k,facility_maternal_deaths_per_100k,neonatal_deaths_per_1000
mentors_base,MENTORS,base,1,0.6291900403503592,0.289937014073418,0.4252337368369255,0.0,0.289937014073418,0.14088180297214842,0.303388054488299,0.46112469437652814,0.2354872511351729,0.024534986713906113,0.0,0.006780828658596595,0.022389528589705738,0.011460486172620805,0.24449566027558475,0.0,0.266280193236715,0.19106407995296884,0.0,0.03907095758291507,0.10242594232851097,0.022364924712134634,0.05804054719023718,0.017503198504084244,0.01952071646491487,0.03398779647672473,211.59334711150476,82.10296844697987,15.475838992225174
mentors_current,MENTORS,current,1,0.6645753370731228,0.41506741462454483,0.5335449266804448,0.11059935045763213,0.3044680641669127,0.12603582324574353,0.4997071799476828,0.40604380587982664,0.09424901417249053,0.0334415903946462,0.0,0.013286093888396812,0.040094478889873046,0.024510382836335005,0.31521335807050094,0.0,0.5346534653465347,0.35730573583581826,0.0,0.039115244562543054,0.08642358035626414,0.01890069875012302,0.05628875110717449,0.01754256470819801,0.018743233933667947,0.03167995276055506,157.4648164550733,50.4364694471387,11.293179805137289
mentors_high,MENTORS,high,1,0.7645999409506938,0.599867139061116,0.6932732998720599,0.2551077649837614,0.3447593740773546,0.1042810746973723,0.5109475273688184,0.3955738014345036,0.09347867119667799,0.0489469540399567,0.0,0.01483613817537644,0.04608306269068005,0.034637338844601906,0.4021914928028465,0.0,0.6208813838550247,0.4108717588733383,0.0,0.04167896860545222,0.08371715382344258,0.017513040055112686,0.05320834563527212,0.017503198504084244,0.01880720401535282,0.03090739100482236,109.24121641570713,47.10721487209242,8.345635272118885
prompts_base,PROMPTS,base,1,0.6291900403503592,0.289937014073418,0.4252337368369255,0.0,0.289937014073418,0.14088180297214842,0.303388054488299,0.46112469437652814,0.2354872511351729,0.024534986713906113,0.0,0.006780828658596595,0.022389528589705738,0.011460486172620805,0.24449566027558475,0.0,0.266280193236715,0.19106407995296884,0.0,0.03907095758291507,0.10242594232851097,0.022364924712134634,0.05804054719023718,0.017503198504084244,0.01952071646491487,0.03398779647672473,211.59334711150476,82.10296844697987,15.475838992225174
prompts_current,PROMPTS,current,1,0.7011908276744415,0.4275907883082374,0.546683397303415,0.10018206869402618,0.3274087196142112,0.12718236394055704,0.5013541747272305,0.40408573860558694,0.09456008666718255,0.029455762228127153,0.0,0.013163074500541286,0.04058163566578093,0.024643243775218975,0.2634451192676701,0.0,0.537472372915411,0.3617739954377961,0.0,0.038997145950201755,0.08590197815175672,0.018521799035528,0.05664796771971262,0.01734573368762917,0.018782600137781713,0.031793130597382147,145.16287766952073,51.72848851879889,10.623954335203228
prompts_high,PROMPTS,high,1,0.8067660663320539,0.615072335400059,0.7084686546599744,0.24048814093101073,0.37458419446904834,0.10473378604468064,0.510759255778989,0.39532042849088517,0.09392031573012592,0.03375159925204212,0.0,0.015190434012400354,0.04672276350752878,0.034179706721779356,0.2629278951201748,0.0,0.6462214779150094,0.4139238850865338,0.0,0.04174293868713709,0.0830922153331365,0.017075091034347012,0.05307548469638815,0.01754748548371223,0.018615293770298198,0.030371026473772267,97.92343273299872,39.927568017455656,7.459895679559098
blood_base,Blood,base,1,0.6291900403503592,0.289937014073418,0.4252337368369255,0.0,0.289937014073418,0.14088180297214842,0.303388054488299,0.46112469437652814,0.2354872511351729,0.024534986713906113,0.0,0.006780828658596595,0.022389528589705738,0.011460486172620805,0.24449566027558475,0.0,0.266280193236715,0.19106407995296884,0.0,0.03907095758291507,0.10242594232851097,0.022364924712134634,0.05804054719023718,0.017503198504084244,0.01952071646491487,0.03398779647672473,211.59334711150476,82.10296844697987,15.475838992225174
blood_current,Blood,current,1,0.6291900403503592,0.289937014073418,0.4252337368369255,0.0,0.289937014073418,0.14088180297214842,0.303388054488299,0.46112469437652814,0.2354872511351729,0.024534986713906113,0.0,0.006780828658596595,0.022389528589705738,0.011460486172620805,0.24449566027558475,0.0,0.266280193236715,0.19106407995296884,0.0,0.03907095758291507,0.10242594232851097,0.022364924712134634,0.05804054719023718,0.017503198504084244,0.01952071646491487,0.03398779647672473,207.16464914870585,79.27183160398057,15.475838992225174
blood_high,Blood,high,1,0.6291900403503592,0.289937014073418,0.4252337368369255,0.0,0.289937014073418,0.14088180297214842,0.303388054488299,0.46112469437652814,0.2354872511351729,0.024534986713906113,0.0,0.006780828658596595,0.022389528589705738,0.011460486172620805,0.24449566027558475,0.0,0.266280193236715,0.19106407995296884,0.0,0.03907095758291507,0.10242594232851097,0.022364924712134634,0.05804054719023718,0.017503198504084244,0.01952071646491487,0.03398779647672473,202.73595118590688,76.44069476098127,15.475838992225174
referral_base,Referral,base,1,0.6291900403503592,0.289937014073418,0.4252337368369255,0.0,0.289937014073418,0.14088180297214842,0.303388054488299,0.46112469437652814,0.2354872511351729,0.024534986713906113,0.0,0.006780828658596595,0.022389528589705738,0.011460486172620805,0.24449566027558475,0.0,0.266280193236715,0.19106407995296884,0.0,0.03907095758291507,0.10242594232851097,0.022364924712134634,0.05804054719023718,0.017503198504084244,0.01952071646491487,0.03398779647672473,211.59334711150476,82.10296844697987,15.475838992225174
referral_current,Referral,current,1,0.6291900403503592,0.289937014073418,0.4252337368369255,0.0,0.289937014073418,0.14088180297214842,0.3942018861334265,0.440132727907789,0.1656653859587845,0.024534986713906113,0.0,0.006780828658596595,0.022389528589705738,0.011460486172620805,0.24449566027558475,0.0,0.266280193236715,0.19106407995296884,0.0,0.03907095758291507,0.10242594232851097,0.022364924712134634,0.05804054719023718,0.017503198504084244,0.01952071646491487,0.03398779647672473,209.13295935439425,78.56404739323075,15.475838992225174
referral_high,Referral,high,1,0.6291900403503592,0.289937014073418,0.4252337368369255,0.0,0.289937014073418,0.14088180297214842,0.4859238560950052,0.4176737687740133,0.09640237513098149,0.024534986713906113,0.0,0.006780828658596595,0.022389528589705738,0.011460486172620805,0.24449566027558475,0.0,0.266280193236715,0.19106407995296884,0.0,0.03907095758291507,0.10242594232851097,0.022364924712134634,0.05804054719023718,0.017503198504084244,0.01952071646491487,0.03398779647672473,207.65672670012793,76.44069476098127,15.475838992225174
pulse_base,PULSE,base,1,0.6291900403503592,0.289937014073418,0.4252337368369255,0.0,0.289937014073418,0.14088180297214842,0.303388054488299,0.46112469437652814,0.2354872511351729,0.024534986713906113,0.0,0.006780828658596595,0.022389528589705738,0.011460486172620805,0.24449566027558475,0.0,0.266280193236715,0.19106407995296884,0.0,0.03907095758291507,0.10242594232851097,0.022364924712134634,0.05804054719023718,0.017503198504084244,0.01952071646491487,0.03398779647672473,211.59334711150476,82.10296844697987,15.475838992225174
pulse_current,PULSE,current,1,0.6291900403503592,0.289937014073418,0.42384115736640093,0.0,0.289937014073418,0.1397352622773349,0.3047505018135719,0.45941472690777196,0.2358347712786562,0.024534986713906113,0.0,0.0070662336384214154,0.02083456352721189,0.011460486172620805,0.24449566027558475,0.0,0.277487922705314,0.1942380034865584,0.0,0.03907095758291507,0.09418856411770495,0.02239937014073418,0.05804054719023718,0.017503198504084244,0.01952071646491487,0.033205393169963585,211.10126956008267,82.10296844697987,15.682511563822457
pulse_high,PULSE,high,1,0.6291900403503592,0.289937014073418,0.42285208148804254,0.0,0.289937014073418,0.13831315815372502,0.30503771168350646,0.4605450405578483,0.23441724775864523,0.024534986713906113,0.0,0.007395925597874225,0.01863005609684086,0.011460486172620805,0.24449566027558475,0.0,0.29043478260869565,0.1913570887035633,0.0,0.03907095758291507,0.08513433717153823,0.022315716956992422,0.05804054719023718,0.017503198504084244,0.01952071646491487,0.03235409900600335,208.14880425155005,84.9341052899792,16.145064462159237
fqa_pulse_base,FQA + PULSE,base,1,0.6291900403503592,0.289937014073418,0.4227585867532723,0.0,0.289937014073418,0.13839189056195256,0.3049708434077656,0.4592874413312473,0.23574171526098706,0.0547239444936522,0.017030804054719025,0.008444050782403307,0.040350359216612536,0.013724042909162484,0.5453341832981905,0.4395478790957582,0.34088200238379024,0.3882759600359866,0.0,0.030454679657514024,0.07830922153331366,0.020908375159925205,0.05778958763901191,0.017503198504084244,0.01952071646491487,0.030966440310993014,190.9260899517764,72.90177370723214,16.273004625528984
fqa_pulse_current,FQA + PULSE,current,1,0.6291900403503592,0.289937014073418,0.42277334907981495,0.0,0.289937014073418,0.1383033166026966,0.304525724044688,0.4594392656372305,0.23603501031808155,0.0547239444936522,0.018221631729160515,0.009319948823934653,0.0424466095856707,0.014752484991634682,0.5453341832981905,0.4709398448429353,0.3762415574096146,0.416393126086117,0.0,0.02968211790178132,0.07461371912213365,0.020686940261785258,0.057632122822556836,0.017503198504084244,0.01952071646491487,0.029834661942722173,193.878555260309,56.62273685998613,16.16474756421612
fqa_pulse_high,FQA + PULSE,high,1,0.6291900403503592,0.289937014073418,0.42277334907981495,0.0,0.289937014073418,0.1383033166026966,0.304525724044688,0.4594392656372305,0.23603501031808155,0.0547239444936522,0.018221631729160515,0.009319948823934653,0.0424466095856707,0.014752484991634682,0.5453341832981905,0.4709398448429353,0.3762415574096146,0.416393126086117,0.0,0.02968211790178132,0.07461371912213365,0.020686940261785258,0.057632122822556836,0.017503198504084244,0.01952071646491487,0.029834661942722173,193.878555260309,56.62273685998613,16.16474756421612
mentors_base,MENTORS,base,2,0.6182117901781321,0.2864137388052357,0.41719318964668833,0.0,0.2864137388052357,0.1368320047239445,0.3051749559463445,0.4588412989535009,0.23598374510015463,0.03535577206967818,0.0,0.009137880129908474,0.028033658104517273,0.013414034051766558,0.2603826918895412,0.0,0.33550135501355016,0.23327327819179428,0.0,0.038859364235803565,0.10263261490010826,0.02410687924416888,0.04843519338647771,0.017847652790079716,0.01941738017911623,0.03557720696781813,217.00620017714792,82.85063316453707,12.277334907981498
mentors_current,MENTORS,current,2,0.6588672374766263,0.4079716563330381,0.522596201161303,0.10468949906505265,0.3032821572679854,0.1220057080995965,0.4984270387997096,0.40715495684439784,0.09441800435589255,0.04658990256864482,0.0,0.013778171439818916,0.041378801299084736,0.025012301938785553,0.3219751071209957,0.0,0.5342491890860522,0.3624412740830137,0.0,0.03779647672473182,0.08908079913394351,0.020883771282354097,0.04713118787520913,0.017842732014565495,0.019028638913492768,0.032934750516681426,157.4648164550733,42.96119822687418,9.344552701505757
mentors_high,MENTORS,high,2,0.7591083554768231,0.5927172522389529,0.6825361677000296,0.2489026670603287,0.3438145851786242,0.10061509693927763,0.5111263266004793,0.3955592507458307,0.09331442265369003,0.06715382344257455,0.0,0.015726798543450448,0.046329101466391104,0.03496703080405472,0.40376934228823336,0.0,0.6366533864541832,0.4032983508245877,0.0,0.03909064068497195,0.08652199586654857,0.01927467768920382,0.04417380179116229,0.017695108749138863,0.01891054030115146,0.03261982088377128,105.79667355575238,43.33706995180918,6.559393760456648
prompts_base,PROMPTS,base,2,0.6182117901781321,0.2864137388052357,0.41719318964668833,0.0,0.2864137388052357,0.1368320047239445,0.3051749559463445,0.4588412989535009,0.23598374510015463,0.03535577206967818,0.0,0.009137880129908474,0.028033658104517273,0.013414034051766558,0.2603826918895412,0.0,0.33550135501355016,0.23327327819179428,0.0,0.038859364235803565,0.10263261490010826,0.02410687924416888,0.04843519338647771,0.017847652790079716,0.01941738017911623,0.03557720696781813,217.00620017714792,82.85063316453707,12.277334907981498
prompts_current,PROMPTS,current,2,0.6959206770987107,0.4175376439326838,0.534081291211495,0.09095561460486172,0.32658202932782204,0.12472689695896073,0.500335345405768,0.40572848857853,0.09393616601570205,0.04163468162582423,0.0,0.014491683889380966,0.04283535085129416,0.02504182659187088,0.2728298723074939,0.0,0.5566055566055566,0.3709622432455468,0.0,0.03799330774530066,0.08957287668536561,0.020898533608896763,0.04684086211987009,0.01790670209625037,0.018708788505068397,0.03319555161893514,149.59157563231966,51.48577784840299,8.680248007085916
prompts_high,PROMPTS,high,2,0.8017911622871765,0.6096939277630155,0.6998819013876587,0.23553291998819015,0.3741610077748253,0.10205688416494439,0.5143201542912247,0.39281581485053035,0.09286403085824493,0.0478250172227143,0.0,0.016799527605550636,0.04894203326444248,0.034484794803661054,0.27214179710469577,0.0,0.655907780979827,0.41502190694763197,0.0,0.04064068497195158,0.08790473378604469,0.01986024997539612,0.0450201751796083,0.017847652790079716,0.01881212479086704,0.03279204802676902,97.92343273299872,40.09713672558875,5.900009841551029
blood_base,Blood,base,2,0.6182117901781321,0.2864137388052357,0.41719318964668833,0.0,0.2864137388052357,0.1368320047239445,0.3051749559463445,0.4588412989535009,0.23598374510015463,0.03535577206967818,0.0,0.009137880129908474,0.028033658104517273,0.013414034051766558,0.2603826918895412,0.0,0.33550135501355016,0.23327327819179428,0.0,0.038859364235803565,0.10263261490010826,0.02410687924416888,0.04843519338647771,0.017847652790079716,0.01941738017911623,0.03557720696781813,217.00620017714792,82.85063316453707,12.277334907981498
blood_current,Blood,current,2,0.6182117901781321,0.2864137388052357,0.41719318964668833,0.0,0.2864137388052357,0.1368320047239445,0.3051749559463445,0.4588412989535009,0.23598374510015463,0.03535577206967818,0.0,0.009137880129908474,0.028033658104517273,0.013414034051766558,0.2603826918895412,0.0,0.33550135501355016,0.23327327819179428,0.0,0.038859364235803565,0.10263261490010826,0.02410687924416888,0.04843519338647771,0.017847652790079716,0.01941738017911623,0.03557720696781813,213.0695797657711,79.99371477955304,12.277334907981498
blood_high,Blood,high,2,0.6182117901781321,0.2864137388052357,0.41719318964668833,0.0,0.2864137388052357,0.1368320047239445,0.3051749559463445,0.4588412989535009,0.23598374510015463,0.03535577206967818,0.0,0.009137880129908474,0.028033658104517273,0.013414034051766558,0.2603826918895412,0.0,0.33550135501355016,0.23327327819179428,0.0,0.038859364235803565,0.10263261490010826,0.02410687924416888,0.04843519338647771,0.017847652790079716,0.01941738017911623,0.03557720696781813,205.6884164944395,77.136796394569,12.277334907981498
referral_base,Referral,base,2,0.6182117901781321,0.2864137388052357,0.41719318964668833,0.0,0.2864137388052357,0.1368320047239445,0.3051749559463445,0.4588412989535009,0.23598374510015463,0.03535577206967818,0.0,0.009137880129908474,0.028033658104517273,0.013414034051766558,0.2603826918895412,0.0,0.33550135501355016,0.23327327819179428,0.0,0.038859364235803565,0.10263261490010826,0.02410687924416888,0.04843519338647771,0.017847652790079716,0.01941738017911623,0.03557720696781813,217.00620017714792,82.85063316453707,12.277334907981498
referral_current,Referral,current,2,0.6182117901781321,0.2864137388052357,0.41719318964668833,0.0,0.2864137388052357,0.1368320047239445,0.39533211061962814,0.43841478764339914,0.1662531017369727,0.03535577206967818,0.0,0.009137880129908474,0.028033658104517273,0.013414034051766558,0.2603826918895412,0.0,0.33550135501355016,0.23327327819179428,0.0,0.038859364235803565,0.10263261490010826,0.02410687924416888,0.04843519338647771,0.017847652790079716,0.01941738017911623,0.03557720696781813,213.56165731719318,77.851025990815,12.277334907981498
referral_high,Referral,high,2,0.6182117901781321,0.2864137388052357,0.41719318964668833,0.0,0.2864137388052357,0.1368320047239445,0.486711978998094,0.4169813356349121,0.09630668536699392,0.03535577206967818,0.0,0.009137880129908474,0.028033658104517273,0.013414034051766558,0.2603826918895412,0.0,0.33550135501355016,0.23327327819179428,0.0,0.038859364235803565,0.10263261490010826,0.02410687924416888,0.04843519338647771,0.017847652790079716,0.01941738017911623,0.03557720696781813,210.11711445723847,72.85141881709295,12.277334907981498
pulse_base,PULSE,base,2,0.6182117901781321,0.2864137388052357,0.41719318964668833,0.0,0.2864137388052357,0.1368320047239445,0.3051749559463445,0.4588412989535009,0.23598374510015463,0.03535577206967818,0.0,0.009137880129908474,0.028033658104517273,0.013414034051766558,0.2603826918895412,0.0,0.33550135501355016,0.23327327819179428,0.0,0.038859364235803565,0.10263261490010826,0.02410687924416888,0.04843519338647771,0.017847652790079716,0.01941738017911623,0.03557720696781813,217.00620017714792,82.85063316453707,12.277334907981498
pulse_current,PULSE,current,2,0.6182117901781321,0.2864137388052357,0.4151510678082866,0.0,0.2864137388052357,0.13498179313059738,0.3065509824650942,0.45747511939047064,0.23597389814443512,0.03535577206967818,0.0,0.009260899517764,0.025617557327034742,0.013414034051766558,0.2603826918895412,0.0,0.34001806684733515,0.2328681338343174,0.0,0.038859364235803565,0.09429190040350359,0.024190532427910638,0.04843519338647771,0.017847652790079716,0.01941738017911623,0.03574943411081587,230.78437161696684,87.85024033825914,12.882590296230685
pulse_high,PULSE,high,2,0.6182117901781321,0.2864137388052357,0.4139208739297313,0.0,0.2864137388052357,0.13321523472099203,0.30566637115839246,0.45914598108747046,0.2351876477541371,0.03535577206967818,0.0,0.009526621395531936,0.0230587540596398,0.013414034051766558,0.2603826918895412,0.0,0.3497741644083108,0.23097397476340695,0.0,0.038859364235803565,0.08489813994685562,0.023875602795000492,0.04843519338647771,0.017847652790079716,0.01941738017911623,0.03394350949709674,216.51412262572583,79.99371477955304,12.149394744611751
fqa_pulse_base,FQA + PULSE,base,2,0.6182117901781321,0.2864137388052357,0.4132221238067119,0.0,0.2864137388052357,0.13268871174097038,0.30617467086964584,0.45818653810495086,0.2356387910254033,0.07871764590099399,0.019806121444739692,0.01090935931502805,0.04860249975396123,0.016617458911524455,0.579727476987751,0.526763512629237,0.4253645433614735,0.4671301551267499,0.0,0.027088869205786834,0.07430371026473773,0.021907292589312077,0.04813502608011023,0.017847652790079716,0.01941738017911623,0.030361184922743825,207.16464914870585,72.85141881709295,11.873831315815371
fqa_pulse_current,FQA + PULSE,current,2,0.6182117901781321,0.2864137388052357,0.41294656037791555,0.0,0.2864137388052357,0.13239838598563133,0.30602839515349733,0.4583364305359399,0.2356351743105627,0.07871764590099399,0.021105206180494045,0.011593347111504773,0.05037889971459502,0.01767542564708198,0.579727476987751,0.5619022664745186,0.45203376822716806,0.49356409391119893,0.0,0.02651313847062297,0.07110520618049404,0.021759669323885445,0.0480120066922547,0.017847652790079716,0.01941738017911623,0.030641669127054422,186.00531443755537,67.85181164337088,12.28717645900994
fqa_pulse_high,FQA + PULSE,high,2,0.6182117901781321,0.2864137388052357,0.41294656037791555,0.0,0.2864137388052357,0.13239838598563133,0.30602839515349733,0.4583364305359399,0.2356351743105627,0.07871764590099399,0.021105206180494045,0.011593347111504773,0.05037889971459502,0.01767542564708198,0.579727476987751,0.5619022664745186,0.45203376822716806,0.49356409391119893,0.0,0.02651313847062297,0.07110520618049404,0.021759669323885445,0.0480120066922547,0.017847652790079716,0.01941738017911623,0.030641669127054422,186.00531443755537,67.85181164337088,12.28717645900994
mentors_base,MENTORS,base,3,0.4990060033461273,0.23546402913099104,0.35936915657907686,0.0,0.23546402913099104,0.1284371616966834,0.3009080111873108,0.46293245469522243,0.23615953411746676,0.022891447692156282,0.0,0.006377325066430469,0.017114457238460782,0.0088869205786832,0.25701657458563537,0.0,0.23849834376150167,0.16727587533666796,0.0,0.04724436571203622,0.0909260899517764,0.02363448479480366,0.04768231473280189,0.01781812813699439,0.01899911426040744,0.03479972443657121,280.97628186202144,89.19316346455174,16.897943115835055
mentors_current,MENTORS,current,3,0.600113177836827,0.39400649542367877,0.5036020076764098,0.11740970376931405,0.27659679165436474,0.11718334809565988,0.5004619131603258,0.4048458889728731,0.09469219786680104,0.03480464521208543,0.0,0.012685759275661844,0.03393858872158252,0.020244070465505363,0.32382565699111804,0.0,0.4985496035583059,0.34752594981356444,0.0,0.04589115244562543,0.07593740773545911,0.01899419348489322,0.0462356067316209,0.017990355279992126,0.018713709280582618,0.03268871174097038,198.79933077453006,69.80211439414475,11.647475642161206
mentors_high,MENTORS,high,3,0.6993898238362366,0.5787668536561362,0.6650280484204311,0.26178033658104516,0.316986517075091,0.09679165436472788,0.5115404168784952,0.39445856634468734,0.09400101677681749,0.050885739592559785,0.0,0.01465406948135026,0.03964668831807893,0.02822064757405767,0.4057999450614135,0.0,0.5933452879059573,0.39823052589956504,0.0,0.04835154020273595,0.0742052947544533,0.017075091034347012,0.04425745497490405,0.017596693238854443,0.01894990650526523,0.031478200964472,142.2104123609881,54.24383497952444,8.46373388446019
prompts_base,PROMPTS,base,3,0.4990060033461273,0.23546402913099104,0.35936915657907686,0.0,0.23546402913099104,0.1284371616966834,0.3009080111873108,0.46293245469522243,0.23615953411746676,0.022891447692156282,0.0,0.006377325066430469,0.017114457238460782,0.0088869205786832,0.25701657458563537,0.0,0.23849834376150167,0.16727587533666796,0.0,0.04724436571203622,0.0909260899517764,0.02363448479480366,0.04768231473280189,0.01781812813699439,0.01899911426040744,0.03479972443657121,280.97628186202144,89.19316346455174,16.897943115835055
prompts_current,PROMPTS,current,3,0.6394055703178821,0.40256864481842336,0.5146196240527507,0.1021749827772857,0.3003936620411377,0.11982088377128236,0.5000821355236139,0.40484599589322384,0.09507186858316222,0.031438834760358234,0.0,0.013241806908768822,0.034425745497490404,0.020032477118393857,0.2745477203386189,0.0,0.520805109347784,0.35205314009661837,0.0,0.04623068595610668,0.07558803267394941,0.01857100679067021,0.04603385493553784,0.017596693238854443,0.018841649443952366,0.03265426631237083,193.878555260309,57.487214050668044,11.3423875602795
prompts_high,PROMPTS,high,3,0.7480562936718826,0.5930715480759767,0.6807499261883673,0.24497096742446609,0.34810058065151067,0.0990404487747269,0.511700700551498,0.3941968500024842,0.09410244944601778,0.03659580749926188,0.0,0.015569333726995375,0.04029623068595611,0.028156677492372797,0.2733688660172762,0.0,0.6224670470194766,0.4021312119426439,0.0,0.04903552799921267,0.07415608699931109,0.017232555850802085,0.043022340320834566,0.017798445034937507,0.018944985729751007,0.03177344749532526,137.78171439818914,61.08699952293962,8.055309516779845
blood_base,Blood,base,3,0.4990060033461273,0.23546402913099104,0.35936915657907686,0.0,0.23546402913099104,0.1284371616966834,0.3009080111873108,0.46293245469522243,0.23615953411746676,0.022891447692156282,0.0,0.006377325066430469,0.017114457238460782,0.0088869205786832,0.25701657458563537,0.0,0.23849834376150167,0.16727587533666796,0.0,0.04724436571203622,0.0909260899517764,0.02363448479480366,0.04768231473280189,0.01781812813699439,0.01899911426040744,0.03479972443657121,280.97628186202144,89.19316346455174,16.897943115835055
blood_current,Blood,current,3,0.4990060033461273,0.23546402913099104,0.35936915657907686,0.0,0.23546402913099104,0.1284371616966834,0.3009080111873108,0.46293245469522243,0.23615953411746676,0.022891447692156282,0.0,0.006377325066430469,0.017114457238460782,0.0088869205786832,0.25701657458563537,0.0,0.23849834376150167,0.16727587533666796,0.0,0.04724436571203622,0.0909260899517764,0.02363448479480366,0.04768231473280189,0.01781812813699439,0.01899911426040744,0.03479972443657121,271.6268083850015,85.17545339858094,16.897943115835055
blood_high,Blood,high,3,0.4990060033461273,0.23546402913099104,0.35936915657907686,0.0,0.23546402913099104,0.1284371616966834,0.3009080111873108,0.46293245469522243,0.23615953411746676,0.022891447692156282,0.0,0.006377325066430469,0.017114457238460782,0.0088869205786832,0.25701657458563537,0.0,0.23849834376150167,0.16727587533666796,0.0,0.04724436571203622,0.0909260899517764,0.02363448479480366,0.04768231473280189,0.01781812813699439,0.01899911426040744,0.03479972443657121,264.737722665092,84.3719113853868,16.897943115835055
referral_base,Referral,base,3,0.4990060033461273,0.23546402913099104,0.35936915657907686,0.0,0.23546402913099104,0.1284371616966834,0.3009080111873108,0.46293245469522243,0.23615953411746676,0.022891447692156282,0.0,0.006377325066430469,0.017114457238460782,0.0088869205786832,0.25701657458563537,0.0,0.23849834376150167,0.16727587533666796,0.0,0.04724436571203622,0.0909260899517764,0.02363448479480366,0.04768231473280189,0.01781812813699439,0.01899911426040744,0.03479972443657121,280.97628186202144,89.19316346455174,16.897943115835055
referral_current,Referral,current,3,0.4990060033461273,0.23546402913099104,0.35936915657907686,0.0,0.23546402913099104,0.1284371616966834,0.3919006934600207,0.4414390253247002,0.16666028121527912,0.022891447692156282,0.0,0.006377325066430469,0.017114457238460782,0.0088869205786832,0.25701657458563537,0.0,0.23849834376150167,0.16727587533666796,0.0,0.04724436571203622,0.0909260899517764,0.02363448479480366,0.04768231473280189,0.01781812813699439,0.01899911426040744,0.03479972443657121,279.5000492077552,86.78253742496926,16.897943115835055
referral_high,Referral,high,3,0.4990060033461273,0.23546402913099104,0.35936915657907686,0.0,0.23546402913099104,0.1284371616966834,0.4835063790659362,0.4202520976207808,0.09624152331328302,0.022891447692156282,0.0,0.006377325066430469,0.017114457238460782,0.0088869205786832,0.25701657458563537,0.0,0.23849834376150167,0.16727587533666796,0.0,0.04724436571203622,0.0909260899517764,0.02363448479480366,0.04768231473280189,0.01781812813699439,0.01899911426040744,0.03479972443657121,278.51589410491096,85.17545339858094,16.897943115835055
pulse_base,PULSE,base,3,0.4990060033461273,0.23546402913099104,0.35936915657907686,0.0,0.23546402913099104,0.1284371616966834,0.3009080111873108,0.46293245469522243,0.23615953411746676,0.022891447692156282,0.0,0.006377325066430469,0.017114457238460782,0.0088869205786832,0.25701657458563537,0.0,0.23849834376150167,0.16727587533666796,0.0,0.04724436571203622,0.0909260899517764,0.02363448479480366,0.04768231473280189,0.01781812813699439,0.01899911426040744,0.03479972443657121,280.97628186202144,89.19316346455174,16.897943115835055
pulse_current,PULSE,current,3,0.4990060033461273,0.23546402913099104,0.358035626414723,0.0,0.23546402913099104,0.1270544237771873,0.30255615801704105,0.46127033307513554,0.2361735089078234,0.022891447692156282,0.0,0.006273988780631828,0.015495522094282059,0.0088869205786832,0.25701657458563537,0.0,0.2346337872653662,0.16545817570407734,0.0,0.04724436571203622,0.08356460978250173,0.023565593937604566,0.04768231473280189,0.01781812813699439,0.01899911426040744,0.034627497293573464,300.16730636748355,90.80024749094007,16.86841846274973
pulse_high,PULSE,high,3,0.4990060033461273,0.23546402913099104,0.35714496604664897,0.0,0.23546402913099104,0.12612439720499952,0.3043189887245913,0.4599508407787445,0.2357301704966642,0.022891447692156282,0.0,0.006062395433520323,0.014565495522094282,0.0088869205786832,0.25701657458563537,0.0,0.22672064777327935,0.17135579483616997,0.0,0.04724436571203622,0.0753715185513237,0.0235262277334908,0.04768231473280189,0.01781812813699439,0.01899911426040744,0.03355476823147328,273.5951185906899,100.44275164926998,16.82413148312174
fqa_pulse_base,FQA + PULSE,base,3,0.4990060033461273,0.23546402913099104,0.35688416494439523,0.0,0.23546402913099104,0.12590296230685957,0.30200109434847183,0.4615805518643008,0.2364183537872274,0.050693829347505166,0.017936226749335694,0.007568152740871962,0.030459600433028245,0.011376832988879048,0.569171270718232,0.3921463152232383,0.2928965911254999,0.33613901710562044,0.0,0.0360840468457829,0.07070662336384215,0.021990945773053834,0.047357543548863304,0.01781812813699439,0.01899911426040744,0.03169471508709772,258.3407144966047,73.12232320066855,16.760161401436864
fqa_pulse_current,FQA + PULSE,current,3,0.4990060033461273,0.23546402913099104,0.3567316209034544,0.0,0.23546402913099104,0.1255880326739494,0.30217067627928845,0.4613666640545412,0.23646265966617036,0.050693829347505166,0.019259915362661157,0.008183249680149591,0.03276252337368369,0.012252731030410392,0.569171270718232,0.42167636285283344,0.3167015806513045,0.3686396102098444,0.0,0.03520322802873733,0.06777876193288063,0.02168585769117213,0.047278811140635764,0.01781812813699439,0.01899911426040744,0.030646589902568643,265.22980021651415,77.14003326663935,16.77000295246531
fqa_pulse_high,FQA + PULSE,high,3,0.4990060033461273,0.23546402913099104,0.3567316209034544,0.0,0.23546402913099104,0.1255880326739494,0.30217067627928845,0.4613666640545412,0.23646265966617036,0.050693829347505166,0.019259915362661157,0.008183249680149591,0.03276252337368369,0.012252731030410392,0.569171270718232,0.42167636285283344,0.3167015806513045,0.3686396102098444,0.0,0.03520322802873733,0.06777876193288063,0.02168585769117213,0.047278811140635764,0.01781812813699439,0.01899911426040744,0.030646589902568643,265.22980021651415,77.14003326663935,16.77000295246531
mentors_base,MENTORS,base,4,0.5660269658498179,0.26439326837909655,0.3912459403602008,0.0,0.26439326837909655,0.13022340320834563,0.2952690447400242,0.4674274486094317,0.23730350665054414,0.02349670308040547,0.0,0.006480661352229112,0.01937309319948824,0.010815864580257848,0.24624825950183074,0.0,0.25682527301092045,0.1848183269176603,0.0,0.05223403208345635,0.09257454974904045,0.02273398287570121,0.037447101663222127,0.017734474953252633,0.019407538628087785,0.023216218876094874,172.71922054915856,61.59902042533372,17.25223895285897
mentors_current,MENTORS,current,4,0.6323098120263754,0.3992766459994095,0.5126070268674343,0.10786339927172522,0.29141324672768426,0.11811337466784766,0.49289672124317796,0.41169853768278963,0.0954047410740324,0.03365810451727192,0.0,0.012587343765377424,0.03478988288554276,0.02381655348882984,0.3147722043258168,0.0,0.5211898940505297,0.348722501726349,0.0,0.050890660368074006,0.07817636059442969,0.01928451924023226,0.035798641865958075,0.01757701013679756,0.01894990650526523,0.02193189646688318,133.84509398681232,45.14432907560347,11.903355968900698
mentors_high,MENTORS,high,4,0.7329544336187384,0.5841993898238362,0.6740625922645409,0.2519929140832595,0.3322064757405767,0.09701308926286782,0.501191985797616,0.40263758559472484,0.09617042860765915,0.05002952465308533,0.0,0.014289932093297904,0.04019289440015746,0.03343666961913198,0.4038049090475812,0.0,0.6139534883720931,0.4005492349941153,0.0,0.052051963389430175,0.0753272315716957,0.017690187973624642,0.03435193386477709,0.01757701013679756,0.018984351933864777,0.02169569924220057,98.90758783584292,43.41449105309475,8.46373388446019
prompts_base,PROMPTS,base,4,0.5660269658498179,0.26439326837909655,0.3912459403602008,0.0,0.26439326837909655,0.13022340320834563,0.2952690447400242,0.4674274486094317,0.23730350665054414,0.02349670308040547,0.0,0.006480661352229112,0.01937309319948824,0.010815864580257848,0.24624825950183074,0.0,0.25682527301092045,0.1848183269176603,0.0,0.05223403208345635,0.09257454974904045,0.02273398287570121,0.037447101663222127,0.017734474953252633,0.019407538628087785,0.023216218876094874,172.71922054915856,61.59902042533372,17.25223895285897
prompts_current,PROMPTS,current,4,0.6711987009152642,0.4125233736836926,0.528028737329003,0.09701308926286782,0.31551028442082474,0.12058360397598662,0.49394001224239953,0.41081411956743524,0.09524586819016527,0.02992323590197815,0.0,0.012454482826493455,0.03568546402913099,0.023501623855919692,0.26396666232582366,0.0,0.5246683250414593,0.35858386075949367,0.0,0.0508414526129318,0.07707410687924417,0.01876291703572483,0.03656136207066234,0.017985434504477905,0.018876094872551916,0.021813797854541874,138.27379194961125,44.58429986495481,11.303021356165733
prompts_high,PROMPTS,high,4,0.778427320145655,0.6003542958370239,0.6904389331758685,0.2374913886428501,0.3628629071941738,0.0977561263655152,0.5028692237994563,0.4013893083660526,0.09574146783449108,0.034435587048518845,0.0,0.014747564216120461,0.040758783584292885,0.03323491782304891,0.2619894425517577,0.0,0.6297541500315192,0.4049970663015842,0.0,0.05343470130892629,0.07567168585769117,0.017611455565397106,0.033480956598759964,0.01782304891250861,0.018940064954236786,0.0218187186300561,85.12941639602401,33.788427177349156,8.183249680149592
blood_base,Blood,base,4,0.5660269658498179,0.26439326837909655,0.3912459403602008,0.0,0.26439326837909655,0.13022340320834563,0.2952690447400242,0.4674274486094317,0.23730350665054414,0.02349670308040547,0.0,0.006480661352229112,0.01937309319948824,0.010815864580257848,0.24624825950183074,0.0,0.25682527301092045,0.1848183269176603,0.0,0.05223403208345635,0.09257454974904045,0.02273398287570121,0.037447101663222127,0.017734474953252633,0.019407538628087785,0.023216218876094874,172.71922054915856,61.59902042533372,17.25223895285897
blood_current,Blood,current,4,0.5660269658498179,0.26439326837909655,0.3912459403602008,0.0,0.26439326837909655,0.13022340320834563,0.2952690447400242,0.4674274486094317,0.23730350665054414,0.02349670308040547,0.0,0.006480661352229112,0.01937309319948824,0.010815864580257848,0.24624825950183074,0.0,0.25682527301092045,0.1848183269176603,0.0,0.05223403208345635,0.09257454974904045,0.02273398287570121,0.037447101663222127,0.017734474953252633,0.019407538628087785,0.023216218876094874,169.2746776892038,60.09660529300851,17.25223895285897
blood_high,Blood,high,4,0.5660269658498179,0.26439326837909655,0.3912459403602008,0.0,0.26439326837909655,0.13022340320834563,0.2952690447400242,0.4674274486094317,0.23730350665054414,0.02349670308040547,0.0,0.006480661352229112,0.01937309319948824,0.010815864580257848,0.24624825950183074,0.0,0.25682527301092045,0.1848183269176603,0.0,0.05223403208345635,0.09257454974904045,0.02273398287570121,0.037447101663222127,0.017734474953252633,0.019407538628087785,0.023216218876094874,165.8301348292491,57.8429825945207,17.25223895285897
referral_base,Referral,base,4,0.5660269658498179,0.26439326837909655,0.3912459403602008,0.0,0.26439326837909655,0.13022340320834563,0.2952690447400242,0.4674274486094317,0.23730350665054414,0.02349670308040547,0.0,0.006480661352229112,0.01937309319948824,0.010815864580257848,0.24624825950183074,0.0,0.25682527301092045,0.1848183269176603,0.0,0.05223403208345635,0.09257454974904045,0.02273398287570121,0.037447101663222127,0.017734474953252633,0.019407538628087785,0.023216218876094874,172.71922054915856,61.59902042533372,17.25223895285897
referral_current,Referral,current,4,0.5660269658498179,0.26439326837909655,0.3912459403602008,0.0,0.26439326837909655,0.13022340320834563,0.3870163240628779,0.4447929262394196,0.16819074969770254,0.02349670308040547,0.0,0.006480661352229112,0.01937309319948824,0.010815864580257848,0.24624825950183074,0.0,0.25682527301092045,0.1848183269176603,0.0,0.05223403208345635,0.09257454974904045,0.02273398287570121,0.037447101663222127,0.017734474953252633,0.019407538628087785,0.023216218876094874,170.25883279204803,57.8429825945207,17.25223895285897
referral_high,Referral,high,4,0.5660269658498179,0.26439326837909655,0.3912459403602008,0.0,0.26439326837909655,0.13022340320834563,0.4792926239419589,0.42431227327690446,0.09639510278113664,0.02349670308040547,0.0,0.006480661352229112,0.01937309319948824,0.010815864580257848,0.24624825950183074,0.0,0.25682527301092045,0.1848183269176603,0.0,0.05223403208345635,0.09257454974904045,0.02273398287570121,0.037447101663222127,0.017734474953252633,0.019407538628087785,0.023216218876094874,169.2746776892038,56.34056746219547,17.25223895285897
pulse_base,PULSE,base,4,0.5660269658498179,0.26439326837909655,0.3912459403602008,0.0,0.26439326837909655,0.13022340320834563,0.2952690447400242,0.4674274486094317,0.23730350665054414,0.02349670308040547,0.0,0.006480661352229112,0.01937309319948824,0.010815864580257848,0.24624825950183074,0.0,0.25682527301092045,0.1848183269176603,0.0,0.05223403208345635,0.09257454974904045,0.02273398287570121,0.037447101663222127,0.017734474953252633,0.019407538628087785,0.023216218876094874,172.71922054915856,61.59902042533372,17.25223895285897
pulse_current,PULSE,current,4,0.5660269658498179,0.26439326837909655,0.3898681232162189,0.0,0.26439326837909655,0.1288357445133353,0.29787640363608586,0.46524329692154914,0.236880299442365,0.02349670308040547,0.0,0.006652888495226847,0.017119378013975003,0.010815864580257848,0.24624825950183074,0.0,0.26365054602184085,0.1784102564102564,0.0,0.05223403208345635,0.08477019978348588,0.022852081488042516,0.037447101663222127,0.017734474953252633,0.019407538628087785,0.02339336679460683,196.33894301741955,81.8816247117241,16.73555752386576
pulse_high,PULSE,high,4,0.5660269658498179,0.26439326837909655,0.38909064068497196,0.0,0.26439326837909655,0.12790571794114752,0.29792636479052054,0.4656638325703074,0.23640980263917208,0.02349670308040547,0.0,0.006923531148509005,0.016194272217301447,0.010815864580257848,0.24624825950183074,0.0,0.2743759750390016,0.1859742314647378,0.0,0.05223403208345635,0.07688219663418955,0.022797952957386083,0.037447101663222127,0.017734474953252633,0.019407538628087785,0.022561755732703474,165.33805727782698,63.852643123821544,17.242397401830527
fqa_pulse_base,FQA + PULSE,base,4,0.5660269658498179,0.26439326837909655,0.38876094872551914,0.0,0.26439326837909655,0.1275907883082374,0.2974275907285279,0.46546338077056576,0.23710902850090632,0.051850211593347115,0.02009152642456451,0.008242298986320245,0.03413541974215136,0.012636551520519634,0.5433964210200608,0.3997454474251028,0.3348660535785686,0.366881743177491,0.0,0.03871174097037693,0.0718187186300561,0.021612046058458814,0.037274874520224384,0.017734474953252633,0.019407538628087785,0.020765672670012794,167.7984450349375,54.08694476370766,16.774923727979527
fqa_pulse_current,FQA + PULSE,current,4,0.5660269658498179,0.26439326837909655,0.3888003149296329,0.0,0.26439326837909655,0.12748253124692452,0.29648357586752616,0.4662832439109121,0.23723318022156173,0.051850211593347115,0.0216563330380868,0.008827871272512548,0.03617262080503887,0.013433717153823443,0.5433964210200608,0.4313014504116033,0.358656537385046,0.3964299196462277,0.0,0.03792441688810157,0.0682905225863596,0.021331561854148213,0.03719122133648263,0.017734474953252633,0.019407538628087785,0.02073614801692747,191.4181675031985,56.34056746219547,16.82413148312174
fqa_pulse_high,FQA + PULSE,high,4,0.5660269658498179,0.26439326837909655,0.3888003149296329,0.0,0.26439326837909655,0.12748253124692452,0.29648357586752616,0.4662832439109121,0.23723318022156173,0.051850211593347115,0.0216563330380868,0.008827871272512548,0.03617262080503887,0.013433717153823443,0.5433964210200608,0.4313014504116033,0.358656537385046,0.3964299196462277,0.0,0.03792441688810157,0.0682905225863596,0.021331561854148213,0.03719122133648263,0.017734474953252633,0.019407538628087785,0.02073614801692747,191.4181675031985,56.34056746219547,16.82413148312174
mentors_base,MENTORS,base,5,0.5621936817242398,0.2596594823344159,0.3868959748056294,0.0,0.2596594823344159,0.13051372896368468,0.2952154733627418,0.46646306978848545,0.23832145684877276,0.03128136994390316,0.0,0.008188170455663812,0.024397204999507923,0.010372994783977955,0.23266112798740987,0.0,0.2862057103543172,0.20183187461835944,0.0,0.03996161795098908,0.10487648853459305,0.024224977856510187,0.047569136895974806,0.017891939769707706,0.01886625332152347,0.022423974018305284,176.6558409605354,62.64954748911181,14.811534297805334
mentors_current,MENTORS,current,5,0.6304300757799429,0.402381655348883,0.5145212085424663,0.11517075091034347,0.2872109044385395,0.11703080405471902,0.49392423159399573,0.41029306647605435,0.09578270192994996,0.04588131089459699,0.0,0.014516287766952072,0.040488140931010726,0.021710461568743233,0.30373314222424913,0.0,0.5224938009210061,0.35002339728591486,0.0,0.038588721582521406,0.08845586064363743,0.019865170750910342,0.045777974608798344,0.0176803464225962,0.018821966341895483,0.021154413935636256,113.17783682708395,33.80393716444621,10.235213069579766
mentors_high,MENTORS,high,5,0.7310796181478201,0.5868270839484303,0.6736394055703179,0.2592313748646787,0.3275957090837516,0.09386871370928059,0.5021492975466555,0.4019710631159572,0.09587963933738729,0.06988977462848145,0.0,0.016376340911327624,0.04602893416002362,0.03062198602499754,0.3989046482235641,0.0,0.6176688938381588,0.4025130169112268,0.0,0.03923826395039858,0.08409605353803759,0.017882098218679265,0.0431010727290621,0.017591772463340222,0.018787520913295934,0.01986024997539612,76.76409802184824,23.441849561930436,7.577994291900404
prompts_base,PROMPTS,base,5,0.5621936817242398,0.2596594823344159,0.3868959748056294,0.0,0.2596594823344159,0.13051372896368468,0.2952154733627418,0.46646306978848545,0.23832145684877276,0.03128136994390316,0.0,0.008188170455663812,0.024397204999507923,0.010372994783977955,0.23266112798740987,0.0,0.2862057103543172,0.20183187461835944,0.0,0.03996161795098908,0.10487648853459305,0.024224977856510187,0.047569136895974806,0.017891939769707706,0.01886625332152347,0.022423974018305284,176.6558409605354,62.64954748911181,14.811534297805334
prompts_current,PROMPTS,current,5,0.6695157956894007,0.4109044385395138,0.5252189745103828,0.10027064265328216,0.3106337958862317,0.11922054915854739,0.4926944031698861,0.4112184249628529,0.09608717186726103,0.039676212971164256,0.0,0.015087097726601712,0.041708493258537545,0.021105206180494045,0.2472326986171159,0.0,0.5372349745926056,0.35783341073162495,0.0,0.03889873043991733,0.08874126562346225,0.020111209526621397,0.04549749040448775,0.017626217891939768,0.018871174097037695,0.02075091034347013,110.22537151855133,31.036021182084458,9.885838008070072
prompts_high,PROMPTS,high,5,0.7764885345930519,0.6019191024505463,0.6913000688908572,0.24481842338352525,0.357100679067021,0.09700816848735361,0.5031449731155524,0.40047681850461603,0.09637820837983159,0.04573860840468458,0.0,0.017006200177147917,0.04872059836630253,0.029903552799921268,0.2458149313728083,0.0,0.6188003581020591,0.4080699006718048,0.0,0.04110815864580258,0.08712725125479776,0.018694026178525735,0.043081389627005216,0.01754256470819801,0.01877275858675327,0.020435980710559985,70.859167404783,28.63065312245903,7.095758291506741
blood_base,Blood,base,5,0.5621936817242398,0.2596594823344159,0.3868959748056294,0.0,0.2596594823344159,0.13051372896368468,0.2952154733627418,0.46646306978848545,0.23832145684877276,0.03128136994390316,0.0,0.008188170455663812,0.024397204999507923,0.010372994783977955,0.23266112798740987,0.0,0.2862057103543172,0.20183187461835944,0.0,0.03996161795098908,0.10487648853459305,0.024224977856510187,0.047569136895974806,0.017891939769707706,0.01886625332152347,0.022423974018305284,176.6558409605354,62.64954748911181,14.811534297805334
blood_current,Blood,current,5,0.5621936817242398,0.2596594823344159,0.3868959748056294,0.0,0.2596594823344159,0.13051372896368468,0.2952154733627418,0.46646306978848545,0.23832145684877276,0.03128136994390316,0.0,0.008188170455663812,0.024397204999507923,0.010372994783977955,0.23266112798740987,0.0,0.2862057103543172,0.20183187461835944,0.0,0.03996161795098908,0.10487648853459305,0.024224977856510187,0.047569136895974806,0.017891939769707706,0.01886625332152347,0.022423974018305284,175.17960830626907,61.13991983877177,14.811534297805334
blood_high,Blood,high,5,0.5621936817242398,0.2596594823344159,0.3868959748056294,0.0,0.2596594823344159,0.13051372896368468,0.2952154733627418,0.46646306978848545,0.23832145684877276,0.03128136994390316,0.0,0.008188170455663812,0.024397204999507923,0.010372994783977955,0.23266112798740987,0.0,0.2862057103543172,0.20183187461835944,0.0,0.03996161795098908,0.10487648853459305,0.024224977856510187,0.047569136895974806,0.017891939769707706,0.01886625332152347,0.022423974018305284,170.75091034347014,58.12066453809168,14.811534297805334
referral_base,Referral,base,5,0.5621936817242398,0.2596594823344159,0.3868959748056294,0.0,0.2596594823344159,0.13051372896368468,0.2952154733627418,0.46646306978848545,0.23832145684877276,0.03128136994390316,0.0,0.008188170455663812,0.024397204999507923,0.010372994783977955,0.23266112798740987,0.0,0.2862057103543172,0.20183187461835944,0.0,0.03996161795098908,0.10487648853459305,0.024224977856510187,0.047569136895974806,0.017891939769707706,0.01886625332152347,0.022423974018305284,176.6558409605354,62.64954748911181,14.811534297805334
referral_current,Referral,current,5,0.5621936817242398,0.2596594823344159,0.3868959748056294,0.0,0.2596594823344159,0.13051372896368468,0.3872488029257625,0.444293631942088,0.16845756513214946,0.03128136994390316,0.0,0.008188170455663812,0.024397204999507923,0.010372994783977955,0.23266112798740987,0.0,0.2862057103543172,0.20183187461835944,0.0,0.03996161795098908,0.10487648853459305,0.024224977856510187,0.047569136895974806,0.017891939769707706,0.01886625332152347,0.022423974018305284,173.70337565200276,58.12066453809168,14.811534297805334
referral_high,Referral,high,5,0.5621936817242398,0.2596594823344159,0.3868959748056294,0.0,0.2596594823344159,0.13051372896368468,0.4792067262376051,0.4241601628775025,0.09663311088489236,0.03128136994390316,0.0,0.008188170455663812,0.024397204999507923,0.010372994783977955,0.23266112798740987,0.0,0.2862057103543172,0.20183187461835944,0.0,0.03996161795098908,0.10487648853459305,0.024224977856510187,0.047569136895974806,0.017891939769707706,0.01886625332152347,0.022423974018305284,172.71922054915856,56.61103688775164,14.811534297805334
pulse_base,PULSE,base,5,0.5621936817242398,0.2596594823344159,0.3868959748056294,0.0,0.2596594823344159,0.13051372896368468,0.2952154733627418,0.46646306978848545,0.23832145684877276,0.03128136994390316,0.0,0.008188170455663812,0.024397204999507923,0.010372994783977955,0.23266112798740987,0.0,0.2862057103543172,0.20183187461835944,0.0,0.03996161795098908,0.10487648853459305,0.024224977856510187,0.047569136895974806,0.017891939769707706,0.01886625332152347,0.022423974018305284,176.6558409605354,62.64954748911181,14.811534297805334
pulse_current,PULSE,current,5,0.5621936817242398,0.2596594823344159,0.3849079814978841,0.0,0.2596594823344159,0.12847160712528294,0.2976482304274552,0.46491496859200243,0.23743680098054237,0.03128136994390316,0.0,0.008340714496604664,0.021867926385198307,0.010372994783977955,0.23266112798740987,0.0,0.2915376676986584,0.19765166340508805,0.0,0.03996161795098908,0.09564019289440016,0.02424958173408129,0.047569136895974806,0.017891939769707706,0.01886625332152347,0.021769510874913887,166.32221238067117,55.10140923741159,13.925794705245545
pulse_high,PULSE,high,5,0.5621936817242398,0.2596594823344159,0.383771282354099,0.0,0.2596594823344159,0.12728077945084146,0.29795871027603804,0.46474135931338434,0.2372999304105776,0.03128136994390316,0.0,0.00836531837417577,0.020347406751304007,0.010372994783977955,0.23266112798740987,0.0,0.29239766081871343,0.20266627456746558,0.0,0.03996161795098908,0.08674835154020273,0.024274185611652396,0.047569136895974806,0.017891939769707706,0.01886625332152347,0.021705540793229013,163.86182462356066,60.38510601360174,14.299773644326345
fqa_pulse_base,FQA + PULSE,base,5,0.5621936817242398,0.2596594823344159,0.38317586851687824,0.0,0.2596594823344159,0.12657710855230783,0.2967772032811103,0.46499241923570345,0.23823037748318626,0.06894006495423678,0.017326050585572288,0.009787422497785652,0.041988977462848145,0.012818620214545813,0.5127548219448816,0.4535033487892839,0.3601955813111192,0.4005351107773188,0.0,0.02906210018698947,0.07717744316504281,0.022089361283338254,0.04724928648755044,0.017891939769707706,0.01886625332152347,0.018487353606928453,153.52819604369648,42.269574209521224,13.93563625627399
fqa_pulse_current,FQA + PULSE,current,5,0.5621936817242398,0.2596594823344159,0.3828018895777975,0.0,0.2596594823344159,0.1262375750418266,0.2972246043501988,0.46433304747797616,0.23844234817182505,0.06894006495423678,0.01839877964767247,0.010441885641177049,0.04386379293376636,0.013669914378506053,0.5127548219448816,0.48214055448098003,0.3842810575878305,0.4266909195347279,0.0,0.02878161598267887,0.07396417675425647,0.02159728373191615,0.04711642554866647,0.017891939769707706,0.01886625332152347,0.01891054030115146,144.6708001180986,39.25031890884113,13.906111603188663
fqa_pulse_high,FQA + PULSE,high,5,0.5621936817242398,0.2596594823344159,0.3828018895777975,0.0,0.2596594823344159,0.1262375750418266,0.2972246043501988,0.46433304747797616,0.23844234817182505,0.06894006495423678,0.01839877964767247,0.010441885641177049,0.04386379293376636,0.013669914378506053,0.5127548219448816,0.48214055448098003,0.3842810575878305,0.4266909195347279,0.0,0.02878161598267887,0.07396417675425647,0.02159728373191615,0.04711642554866647,0.017891939769707706,0.01886625332152347,0.01891054030115146,144.6708001180986,39.25031890884113,13.906111603188663
mentors_base,MENTORS,base,6,0.5620559000098415,0.26258242298986323,0.3906997342781222,0.0,0.26258242298986323,0.13294459206770987,0.30162490283895327,0.4624865825221157,0.23588851463893104,0.02640980218482433,0.0,0.005806515106780829,0.01989961617950989,0.011480169274677689,0.25020979020979023,0.0,0.24003254678600489,0.16998738965952082,0.0,0.047706918610372996,0.10428599547288653,0.022109044385395137,0.04866154906013188,0.018019879933077455,0.01899911426040744,0.034366696191319754,247.02293081389627,113.84884492430182,13.507528786536758
mentors_current,MENTORS,current,6,0.6302234032083457,0.3971902371813798,0.5117163664993603,0.10678082865859659,0.2904094085227832,0.12179903552799921,0.49680833872010344,0.4076842275371687,0.09550743374272785,0.03802283239838598,0.0,0.011839385887215826,0.039061116031886625,0.026808385001476233,0.32042297325316194,0.0,0.5146524064171123,0.35179932636057437,0.0,0.045664796771971265,0.08655644129514811,0.01890561952563724,0.04635862611947643,0.017734474953252633,0.01877275858675327,0.03248695994488732,184.52908178328906,61.84620909338778,9.82678870189942
mentors_high,MENTORS,high,6,0.7304694419840567,0.5819358330872946,0.6703326444247614,0.25080700718433224,0.33112882590296233,0.09846471803956304,0.5069965017491255,0.3972013993003498,0.09580209895052474,0.05582619820883771,0.0,0.013773250664304694,0.043691565790768626,0.037963783092215334,0.40628133505228475,0.0,0.6189739053516143,0.39871570344424984,0.0,0.046771971262671,0.08151756716858577,0.017690187973624642,0.043076468851490995,0.017552406259226452,0.01904340124003543,0.030513728963684678,130.40055112685758,48.77389480117292,6.785749434110816
prompts_base,PROMPTS,base,6,0.5620559000098415,0.26258242298986323,0.3906997342781222,0.0,0.26258242298986323,0.13294459206770987,0.30162490283895327,0.4624865825221157,0.23588851463893104,0.02640980218482433,0.0,0.005806515106780829,0.01989961617950989,0.011480169274677689,0.25020979020979023,0.0,0.24003254678600489,0.16998738965952082,0.0,0.047706918610372996,0.10428599547288653,0.022109044385395137,0.04866154906013188,0.018019879933077455,0.01899911426040744,0.034366696191319754,247.02293081389627,113.84884492430182,13.507528786536758
prompts_current,PROMPTS,current,6,0.669254994587147,0.4077108552307844,0.522773349079815,0.093076468851491,0.31463438637929336,0.12221238067119378,0.49681913351586404,0.407754871960058,0.09542599452407795,0.033766361578584786,0.0,0.011982088377128235,0.039941934848932194,0.027285700226355673,0.26809923813244774,0.0,0.5275129982668978,0.3605312250155459,0.0,0.046525932486959944,0.08569530558015943,0.018521799035528,0.04596004330282453,0.01795098907587836,0.0188957779746088,0.03155693337269954,177.63999606337958,55.0849929037568,9.187087885050683
prompts_high,PROMPTS,high,6,0.7763113866745399,0.5993209329790375,0.6892727093789981,0.23696978643834268,0.36235114654069484,0.10088081881704557,0.5101702355982635,0.3946148968343008,0.09521486756743573,0.03881015648066135,0.0,0.013906111603188663,0.04608306269068005,0.037693140438933175,0.266075163619189,0.0,0.6216454025516938,0.4114313329232932,0.0,0.047697077059344554,0.08305776990453695,0.017409703769314045,0.043356953055801596,0.017522881606141127,0.01913197519929141,0.03062690680051176,111.20952662139554,54.47060307558226,6.33303808680248
blood_base,Blood,base,6,0.5620559000098415,0.26258242298986323,0.3906997342781222,0.0,0.26258242298986323,0.13294459206770987,0.30162490283895327,0.4624865825221157,0.23588851463893104,0.02640980218482433,0.0,0.005806515106780829,0.01989961617950989,0.011480169274677689,0.25020979020979023,0.0,0.24003254678600489,0.16998738965952082,0.0,0.047706918610372996,0.10428599547288653,0.022109044385395137,0.04866154906013188,0.018019879933077455,0.01899911426040744,0.034366696191319754,247.02293081389627,113.84884492430182,13.507528786536758
blood_current,Blood,current,6,0.5620559000098415,0.26258242298986323,0.3906997342781222,0.0,0.26258242298986323,0.13294459206770987,0.30162490283895327,0.4624865825221157,0.23588851463893104,0.02640980218482433,0.0,0.005806515106780829,0.01989961617950989,0.011480169274677689,0.25020979020979023,0.0,0.24003254678600489,0.16998738965952082,0.0,0.047706918610372996,0.10428599547288653,0.022109044385395137,0.04866154906013188,0.018019879933077455,0.01899911426040744,0.034366696191319754,236.68930223403206,106.30918632004342,13.507528786536758
blood_high,Blood,high,6,0.5620559000098415,0.26258242298986323,0.3906997342781222,0.0,0.26258242298986323,0.13294459206770987,0.30162490283895327,0.4624865825221157,0.23588851463893104,0.02640980218482433,0.0,0.005806515106780829,0.01989961617950989,0.011480169274677689,0.25020979020979023,0.0,0.24003254678600489,0.16998738965952082,0.0,0.047706918610372996,0.10428599547288653,0.022109044385395137,0.04866154906013188,0.018019879933077455,0.01899911426040744,0.034366696191319754,231.27644916838895,101.03142529706255,13.507528786536758
referral_base,Referral,base,6,0.5620559000098415,0.26258242298986323,0.3906997342781222,0.0,0.26258242298986323,0.13294459206770987,0.30162490283895327,0.4624865825221157,0.23588851463893104,0.02640980218482433,0.0,0.005806515106780829,0.01989961617950989,0.011480169274677689,0.25020979020979023,0.0,0.24003254678600489,0.16998738965952082,0.0,0.047706918610372996,0.10428599547288653,0.022109044385395137,0.04866154906013188,0.018019879933077455,0.01899911426040744,0.034366696191319754,247.02293081389627,113.84884492430182,13.507528786536758
referral_current,Referral,current,6,0.5620559000098415,0.26258242298986323,0.3906997342781222,0.0,0.26258242298986323,0.13294459206770987,0.39290076618425435,0.4395380686234593,0.16756116519228634,0.02640980218482433,0.0,0.005806515106780829,0.01989961617950989,0.011480169274677689,0.25020979020979023,0.0,0.24003254678600489,0.16998738965952082,0.0,0.047706918610372996,0.10428599547288653,0.022109044385395137,0.04866154906013188,0.018019879933077455,0.01899911426040744,0.034366696191319754,242.5942328510973,107.06315218046926,13.507528786536758
referral_high,Referral,high,6,0.5620559000098415,0.26258242298986323,0.3906997342781222,0.0,0.26258242298986323,0.13294459206770987,0.4838805196727986,0.4201798867379798,0.0959395935892216,0.02640980218482433,0.0,0.005806515106780829,0.01989961617950989,0.011480169274677689,0.25020979020979023,0.0,0.24003254678600489,0.16998738965952082,0.0,0.047706918610372996,0.10428599547288653,0.022109044385395137,0.04866154906013188,0.018019879933077455,0.01899911426040744,0.034366696191319754,238.65761243972048,101.03142529706255,13.507528786536758
pulse_base,PULSE,base,6,0.5620559000098415,0.26258242298986323,0.3906997342781222,0.0,0.26258242298986323,0.13294459206770987,0.30162490283895327,0.4624865825221157,0.23588851463893104,0.02640980218482433,0.0,0.005806515106780829,0.01989961617950989,0.011480169274677689,0.25020979020979023,0.0,0.24003254678600489,0.16998738965952082,0.0,0.047706918610372996,0.10428599547288653,0.022109044385395137,0.04866154906013188,0.018019879933077455,0.01899911426040744,0.034366696191319754,247.02293081389627,113.84884492430182,13.507528786536758
pulse_current,PULSE,current,6,0.5620559000098415,0.26258242298986323,0.3893071548075977,0.0,0.26258242298986323,0.13182265525046746,0.30333345776251447,0.4612340886184628,0.23543245361902274,0.02640980218482433,0.0,0.006160810943804744,0.018019879933077455,0.011480169274677689,0.25020979020979023,0.0,0.2546786004882018,0.16817451205510908,0.0,0.047706918610372996,0.09534002558803267,0.022138569038480466,0.04866154906013188,0.018019879933077455,0.01899911426040744,0.034032083456352724,233.24475937407738,98.76952771578503,13.241806908768822
pulse_high,PULSE,high,6,0.5620559000098415,0.26258242298986323,0.3880966440310993,0.0,0.26258242298986323,0.13017911622871764,0.30364770364770366,0.4621810621810622,0.23417123417123417,0.02640980218482433,0.0,0.0059787422497785654,0.016656825115638225,0.011480169274677689,0.25020979020979023,0.0,0.24715215622457282,0.17127099777373,0.0,0.047706918610372996,0.0862956401928944,0.02215825214053735,0.04866154906013188,0.018019879933077455,0.01899911426040744,0.032806810353311684,241.11800019683102,97.26159599493334,13.541974215136305
fqa_pulse_base,FQA + PULSE,base,6,0.5620559000098415,0.26258242298986323,0.3876537742348194,0.0,0.26258242298986323,0.13004133451431946,0.3036667045067545,0.4608922692700647,0.23544102622318083,0.05792244857789588,0.017316209034543843,0.007538628087786635,0.034514319456746385,0.013507528786536759,0.5487645687645688,0.3800215982721382,0.3214435585396559,0.33653200268688227,0.0,0.03667453990748942,0.08041531345340025,0.020992028343666962,0.04844011416199193,0.018019879933077455,0.01899911426040744,0.031389627005216025,229.30813896270053,67.10296157789975,13.689597480562936
fqa_pulse_current,FQA + PULSE,current,6,0.5620559000098415,0.26258242298986323,0.3872601121936817,0.0,0.26258242298986323,0.1295148115342978,0.30284954407294834,0.461322188449848,0.23582826747720365,0.05792244857789588,0.01856116523964177,0.00798641865958075,0.03692057868320047,0.01446708001180986,0.5487645687645688,0.4076956333765672,0.3405371380612673,0.36703845024948634,0.0,0.03603975986615491,0.07723157169569925,0.02074598956795591,0.04834169865170751,0.018019879933077455,0.01899911426040744,0.03081389627005216,254.40409408522785,79.92038120513902,13.340222419053243
fqa_pulse_high,FQA + PULSE,high,6,0.5620559000098415,0.26258242298986323,0.3872601121936817,0.0,0.26258242298986323,0.1295148115342978,0.30284954407294834,0.461322188449848,0.23582826747720365,0.05792244857789588,0.01856116523964177,0.00798641865958075,0.03692057868320047,0.01446708001180986,0.5487645687645688,0.4076956333765672,0.3405371380612673,0.36703845024948634,0.0,0.03603975986615491,0.07723157169569925,0.02074598956795591,0.04834169865170751,0.018019879933077455,0.01899911426040744,0.03081389627005216,254.40409408522785,79.92038120513902,13.340222419053243
mentors_base,MENTORS,base,7,0.5458271823639406,0.254207263064659,0.3823098120263754,0.0,0.254207263064659,0.13035626414722962,0.2926276848741082,0.46944245215356156,0.23792986297233024,0.022045074303710263,0.0,0.005939376045664797,0.019776596791654364,0.010850310008857396,0.2546756864305611,0.0,0.22389167130402524,0.1630889096295094,0.0,0.040227339828757015,0.1075287865367582,0.023742741856116523,0.036216907784666866,0.018019879933077455,0.01890561952563724,0.017700029524653084,151.55988583800809,60.56145838124588,13.84706229701801
mentors_current,MENTORS,current,7,0.6228963684676705,0.39640783387461864,0.5111455565397106,0.1109684086211987,0.2854394252534199,0.1181232162188761,0.4871068527390127,0.41653822120391587,0.09635492605707144,0.032058852475150085,0.0,0.012370829642751697,0.040286389134927665,0.02553390414329298,0.3240648627138878,0.0,0.499404052443385,0.3505759431336445,0.0,0.03896762129711642,0.08705343962208444,0.018876094872551916,0.03535577206967818,0.01770987107568153,0.018817045566381262,0.01649443952366893,98.41551028442082,30.051287530719094,9.861234130498966
mentors_high,MENTORS,high,7,0.7224633402224191,0.5808975494537939,0.6708493258537546,0.25496506249384904,0.32593248695994487,0.09521208542466293,0.49428911054834873,0.4080831050700295,0.09762778438162178,0.04684086211987009,0.0,0.01470327723649247,0.04481842338352524,0.03630056096840862,0.40768341256584867,0.0,0.6139305527018697,0.39433692687361993,0.0,0.040227339828757015,0.0816651904340124,0.017217793524259423,0.032526326149001084,0.01754748548371223,0.019068005117606535,0.015928550339533512,78.24033067611455,30.074301214765892,7.110520618049405
prompts_base,PROMPTS,base,7,0.5458271823639406,0.254207263064659,0.3823098120263754,0.0,0.254207263064659,0.13035626414722962,0.2926276848741082,0.46944245215356156,0.23792986297233024,0.022045074303710263,0.0,0.005939376045664797,0.019776596791654364,0.010850310008857396,0.2546756864305611,0.0,0.22389167130402524,0.1630889096295094,0.0,0.040227339828757015,0.1075287865367582,0.023742741856116523,0.036216907784666866,0.018019879933077455,0.01890561952563724,0.017700029524653084,151.55988583800809,60.56145838124588,13.84706229701801
prompts_current,PROMPTS,current,7,0.6613030213561657,0.4068940064954237,0.5237525834071449,0.0976380277531739,0.3092559787422498,0.12062297018010039,0.48659894749724636,0.41732958022273897,0.09607147228001468,0.028535577206967817,0.0,0.012867827969688023,0.04079814978840665,0.02570613128629072,0.27146334612863965,0.0,0.5154740784545634,0.3560814293076791,0.0,0.03932683790965456,0.08635961027457928,0.01914181675031985,0.03472591280385789,0.01795098907587836,0.018836728668438146,0.016612538136010234,111.70160417281764,41.00868342598258,9.034543844109832
prompts_high,PROMPTS,high,7,0.769166420627891,0.5968408621198701,0.6874864678673359,0.24007971656333038,0.3567611455565397,0.09616671587442181,0.49511333981476746,0.4080233331627693,0.09686332702246328,0.0329741167207952,0.0,0.014845979726404881,0.046068300364137386,0.035513236886133254,0.2699077617110404,0.0,0.6214212152420185,0.403569273213208,0.0,0.04159039464619624,0.0811288259029623,0.017276842830430076,0.03214250565889184,0.01757701013679756,0.019205786832004725,0.015751402421021552,64.95423678771775,29.344411328093532,6.593839189056195
blood_base,Blood,base,7,0.5458271823639406,0.254207263064659,0.3823098120263754,0.0,0.254207263064659,0.13035626414722962,0.2926276848741082,0.46944245215356156,0.23792986297233024,0.022045074303710263,0.0,0.005939376045664797,0.019776596791654364,0.010850310008857396,0.2546756864305611,0.0,0.22389167130402524,0.1630889096295094,0.0,0.040227339828757015,0.1075287865367582,0.023742741856116523,0.036216907784666866,0.018019879933077455,0.01890561952563724,0.017700029524653084,151.55988583800809,60.56145838124588,13.84706229701801
blood_current,Blood,current,7,0.5458271823639406,0.254207263064659,0.3823098120263754,0.0,0.254207263064659,0.13035626414722962,0.2926276848741082,0.46944245215356156,0.23792986297233024,0.022045074303710263,0.0,0.005939376045664797,0.019776596791654364,0.010850310008857396,0.2546756864305611,0.0,0.22389167130402524,0.1630889096295094,0.0,0.040227339828757015,0.1075287865367582,0.023742741856116523,0.036216907784666866,0.018019879933077455,0.01890561952563724,0.017700029524653084,148.11534297805335,59.79485764224276,13.84706229701801
blood_high,Blood,high,7,0.5458271823639406,0.254207263064659,0.3823098120263754,0.0,0.254207263064659,0.13035626414722962,0.2926276848741082,0.46944245215356156,0.23792986297233024,0.022045074303710263,0.0,0.005939376045664797,0.019776596791654364,0.010850310008857396,0.2546756864305611,0.0,0.22389167130402524,0.1630889096295094,0.0,0.040227339828757015,0.1075287865367582,0.023742741856116523,0.036216907784666866,0.018019879933077455,0.01890561952563724,0.017700029524653084,143.1945674638323,58.26165616423654,13.84706229701801
referral_base,Referral,base,7,0.5458271823639406,0.254207263064659,0.3823098120263754,0.0,0.254207263064659,0.13035626414722962,0.2926276848741082,0.46944245215356156,0.23792986297233024,0.022045074303710263,0.0,0.005939376045664797,0.019776596791654364,0.010850310008857396,0.2546756864305611,0.0,0.22389167130402524,0.1630889096295094,0.0,0.040227339828757015,0.1075287865367582,0.023742741856116523,0.036216907784666866,0.018019879933077455,0.01890561952563724,0.017700029524653084,151.55988583800809,60.56145838124588,13.84706229701801
referral_current,Referral,current,7,0.5458271823639406,0.254207263064659,0.3823098120263754,0.0,0.254207263064659,0.13035626414722962,0.3850741761352912,0.4465290098524027,0.16839681401230608,0.022045074303710263,0.0,0.005939376045664797,0.019776596791654364,0.010850310008857396,0.2546756864305611,0.0,0.22389167130402524,0.1630889096295094,0.0,0.040227339828757015,0.1075287865367582,0.023742741856116523,0.036216907784666866,0.018019879933077455,0.01890561952563724,0.017700029524653084,149.59157563231966,57.49505542523343,13.84706229701801
referral_high,Referral,high,7,0.5458271823639406,0.254207263064659,0.3823098120263754,0.0,0.254207263064659,0.13035626414722962,0.4778981540900683,0.42550300101921407,0.0965988448907176,0.022045074303710263,0.0,0.005939376045664797,0.019776596791654364,0.010850310008857396,0.2546756864305611,0.0,0.22389167130402524,0.1630889096295094,0.0,0.040227339828757015,0.1075287865367582,0.023742741856116523,0.036216907784666866,0.018019879933077455,0.01890561952563724,0.017700029524653084,147.13118787520915,53.66205173021787,13.84706229701801
pulse_base,PULSE,base,7,0.5458271823639406,0.254207263064659,0.3823098120263754,0.0,0.254207263064659,0.13035626414722962,0.2926276848741082,0.46944245215356156,0.23792986297233024,0.022045074303710263,0.0,0.005939376045664797,0.019776596791654364,0.010850310008857396,0.2546756864305611,0.0,0.22389167130402524,0.1630889096295094,0.0,0.040227339828757015,0.1075287865367582,0.023742741856116523,0.036216907784666866,0.018019879933077455,0.01890561952563724,0.017700029524653084,151.55988583800809,60.56145838124588,13.84706229701801
pulse_current,PULSE,current,7,0.5458271823639406,0.254207263064659,0.3809418364334219,0.0,0.254207263064659,0.12904241708493258,0.29560707748627213,0.4667861500915192,0.23760677242220865,0.022045074303710263,0.0,0.0062100186989469544,0.017739395728766854,0.010850310008857396,0.2546756864305611,0.0,0.23409386013726582,0.15983152294391487,0.0,0.040227339828757015,0.09817439228422399,0.023683692549945873,0.036216907784666866,0.018019879933077455,0.01890561952563724,0.0177738411573664,152.54404094085228,61.328059120248994,13.645310500934947
pulse_high,PULSE,high,7,0.5458271823639406,0.254207263064659,0.37976085031000884,0.0,0.254207263064659,0.12779254010432045,0.2964574509048903,0.46777050442818635,0.23577204466692336,0.022045074303710263,0.0,0.006121444739690975,0.01663222123806712,0.010850310008857396,0.2546756864305611,0.0,0.2307549619736598,0.165111621317962,0.0,0.040227339828757015,0.0890561952563724,0.023545910835547683,0.036216907784666866,0.018019879933077455,0.01890561952563724,0.01719318964668832,162.87766952071647,56.72845468623032,14.063576419643736
fqa_pulse_base,FQA + PULSE,base,7,0.5458271823639406,0.254207263064659,0.379696880228324,0.0,0.254207263064659,0.1277088869205787,0.2955342349632027,0.46719069086425463,0.23727507417254268,0.048597578978447006,0.014329298297411672,0.007371321720303119,0.034430666273004625,0.012685759275661844,0.5614234551759423,0.3668892528663223,0.28730341388569236,0.32257618367064683,0.0,0.031930912311780336,0.08248203916937309,0.022291113079421318,0.036000393662041136,0.018019879933077455,0.01890561952563724,0.01577600629859266,144.17872256667653,49.82904803520231,13.404192500738116
fqa_pulse_current,FQA + PULSE,current,7,0.5458271823639406,0.254207263064659,0.3795344946363547,0.0,0.254207263064659,0.1276203129613227,0.2954694428378639,0.4666281087333719,0.2379024484287642,0.048597578978447006,0.015608699931109143,0.008011022537151856,0.03658596594823344,0.013630548174392285,0.5614234551759423,0.4000504477235465,0.31223628691983124,0.3493234354444653,0.0,0.031448676311386675,0.07888003149296328,0.021990945773053834,0.03591674047829938,0.018019879933077455,0.01890561952563724,0.015598858380080701,155.988583800807,43.696242123177406,13.856903848046453
fqa_pulse_high,FQA + PULSE,high,7,0.5458271823639406,0.254207263064659,0.3795344946363547,0.0,0.254207263064659,0.1276203129613227,0.2954694428378639,0.4666281087333719,0.2379024484287642,0.048597578978447006,0.015608699931109143,0.008011022537151856,0.03658596594823344,0.013630548174392285,0.5614234551759423,0.4000504477235465,0.31223628691983124,0.3493234354444653,0.0,0.031448676311386675,0.07888003149296328,0.021990945773053834,0.03591674047829938,0.018019879933077455,0.01890561952563724,0.015598858380080701,155.988583800807,43.696242123177406,13.856903848046453
mentors_base,MENTORS,base,8,0.49755929534494636,0.2354787914575337,0.35535872453498674,0.0,0.2354787914575337,0.12242397401830528,0.2937015153342176,0.4683467985047631,0.23795168616101933,0.02036708985336089,0.0,0.0065790768625135325,0.017316209034543843,0.00992520421218384,0.2583322930969916,0.0,0.2360939431396786,0.1686960690316395,0.0,0.03930223403208346,0.09077354591083554,0.02484991634681626,0.04697372305875406,0.017877177443165044,0.018979431158350556,0.02084440507824033,168.2905225863596,61.96235585705204,13.89627005216022
mentors_current,MENTORS,current,8,0.5988091723255585,0.39375061509693926,0.5001673063674835,0.1167896860545222,0.2769609290424171,0.1105944296821179,0.48916573971078975,0.4147274749721913,0.09610678531701891,0.0311042220253912,0.0,0.012877669520716464,0.0339336679460683,0.022861923039070958,0.32714004761411863,0.0,0.49293652288566586,0.34798405409496896,0.0,0.038116327133156186,0.07476134238756028,0.01947150870977266,0.043829347505166816,0.017739395728766854,0.018969589607322115,0.01932880621986025,120.06692254699341,31.182635339416205,10.097431355181577
mentors_high,MENTORS,high,8,0.6983909064068498,0.5785503395335104,0.6606928451924023,0.2608109438047436,0.31773939572876686,0.0880474362759571,0.4962834628066842,0.4073660090538199,0.09635052813949589,0.04551225273103041,0.0,0.01459994095069383,0.038032673949414425,0.03349571892530263,0.4102825710863683,0.0,0.5919792498004789,0.39023528223770576,0.0,0.038450939868123216,0.07165141226257259,0.017257159728373193,0.041378801299084736,0.01756716858576912,0.019112292097234525,0.018275760259816948,78.73240822753665,29.227383075555768,7.32703474067513
prompts_base,PROMPTS,base,8,0.49755929534494636,0.2354787914575337,0.35535872453498674,0.0,0.2354787914575337,0.12242397401830528,0.2937015153342176,0.4683467985047631,0.23795168616101933,0.02036708985336089,0.0,0.0065790768625135325,0.017316209034543843,0.00992520421218384,0.2583322930969916,0.0,0.2360939431396786,0.1686960690316395,0.0,0.03930223403208346,0.09077354591083554,0.02484991634681626,0.04697372305875406,0.017877177443165044,0.018979431158350556,0.02084440507824033,168.2905225863596,61.96235585705204,13.89627005216022
prompts_current,PROMPTS,current,8,0.6389282550930027,0.3972788111406358,0.5066627300462553,0.09601909260899517,0.3012597185316406,0.11366007282747762,0.4886570265823881,0.41492769936791063,0.09641527404970127,0.02797952957386084,0.0,0.012818620214545813,0.034100974313551816,0.022350162385591968,0.27553789494088,0.0,0.4956240487062405,0.3486967897755862,0.0,0.03828855427615392,0.07484991634681626,0.01951579568940065,0.04376045664796772,0.01771479185119575,0.019072925893120755,0.019392776301545123,118.098612341305,34.48458804180593,9.40360200767641
prompts_high,PROMPTS,high,8,0.7470770593445527,0.5877177443165043,0.6723600039366204,0.2384214152150379,0.3492963291014664,0.09091132762523374,0.4982408660351827,0.40514208389715833,0.096617050067659,0.032541088475543746,0.0,0.014929632910146639,0.03942033264442476,0.032462356067316206,0.27375087966220973,0.0,0.6048644338118022,0.39949134792799085,0.0,0.03913000688908572,0.07238952858970574,0.01715382344257455,0.041506741462454484,0.017734474953252633,0.019225469934061608,0.018703867729554177,86.11357149886823,30.91658937519323,6.411770495030017
blood_base,Blood,base,8,0.49755929534494636,0.2354787914575337,0.35535872453498674,0.0,0.2354787914575337,0.12242397401830528,0.2937015153342176,0.4683467985047631,0.23795168616101933,0.02036708985336089,0.0,0.0065790768625135325,0.017316209034543843,0.00992520421218384,0.2583322930969916,0.0,0.2360939431396786,0.1686960690316395,0.0,0.03930223403208346,0.09077354591083554,0.02484991634681626,0.04697372305875406,0.017877177443165044,0.018979431158350556,0.02084440507824033,168.2905225863596,61.96235585705204,13.89627005216022
blood_current,Blood,current,8,0.49755929534494636,0.2354787914575337,0.35535872453498674,0.0,0.2354787914575337,0.12242397401830528,0.2937015153342176,0.4683467985047631,0.23795168616101933,0.02036708985336089,0.0,0.0065790768625135325,0.017316209034543843,0.00992520421218384,0.2583322930969916,0.0,0.2360939431396786,0.1686960690316395,0.0,0.03930223403208346,0.09077354591083554,0.02484991634681626,0.04697372305875406,0.017877177443165044,0.018979431158350556,0.02084440507824033,164.84597972640486,59.54823809638767,13.89627005216022
blood_high,Blood,high,8,0.49755929534494636,0.2354787914575337,0.35535872453498674,0.0,0.2354787914575337,0.12242397401830528,0.2937015153342176,0.4683467985047631,0.23795168616101933,0.02036708985336089,0.0,0.0065790768625135325,0.017316209034543843,0.00992520421218384,0.2583322930969916,0.0,0.2360939431396786,0.1686960690316395,0.0,0.03930223403208346,0.09077354591083554,0.02484991634681626,0.04697372305875406,0.017877177443165044,0.018979431158350556,0.02084440507824033,161.40143686645015,57.93882625594476,13.89627005216022
referral_base,Referral,base,8,0.49755929534494636,0.2354787914575337,0.35535872453498674,0.0,0.2354787914575337,0.12242397401830528,0.2937015153342176,0.4683467985047631,0.23795168616101933,0.02036708985336089,0.0,0.0065790768625135325,0.017316209034543843,0.00992520421218384,0.2583322930969916,0.0,0.2360939431396786,0.1686960690316395,0.0,0.03930223403208346,0.09077354591083554,0.02484991634681626,0.04697372305875406,0.017877177443165044,0.018979431158350556,0.02084440507824033,168.2905225863596,61.96235585705204,13.89627005216022
referral_current,Referral,current,8,0.49755929534494636,0.2354787914575337,0.35535872453498674,0.0,0.2354787914575337,0.12242397401830528,0.38602837734635637,0.4455162988866112,0.16845532376703243,0.02036708985336089,0.0,0.0065790768625135325,0.017316209034543843,0.00992520421218384,0.2583322930969916,0.0,0.2360939431396786,0.1686960690316395,0.0,0.03930223403208346,0.09077354591083554,0.02484991634681626,0.04697372305875406,0.017877177443165044,0.018979431158350556,0.02084440507824033,166.8142899320933,59.54823809638767,13.89627005216022
referral_high,Referral,high,8,0.49755929534494636,0.2354787914575337,0.35535872453498674,0.0,0.2354787914575337,0.12242397401830528,0.4784758229832389,0.4252984444712408,0.09622573254552032,0.02036708985336089,0.0,0.0065790768625135325,0.017316209034543843,0.00992520421218384,0.2583322930969916,0.0,0.2360939431396786,0.1686960690316395,0.0,0.03930223403208346,0.09077354591083554,0.02484991634681626,0.04697372305875406,0.017877177443165044,0.018979431158350556,0.02084440507824033,165.8301348292491,57.93882625594476,13.89627005216022
pulse_base,PULSE,base,8,0.49755929534494636,0.2354787914575337,0.35535872453498674,0.0,0.2354787914575337,0.12242397401830528,0.2937015153342176,0.4683467985047631,0.23795168616101933,0.02036708985336089,0.0,0.0065790768625135325,0.017316209034543843,0.00992520421218384,0.2583322930969916,0.0,0.2360939431396786,0.1686960690316395,0.0,0.03930223403208346,0.09077354591083554,0.02484991634681626,0.04697372305875406,0.017877177443165044,0.018979431158350556,0.02084440507824033,168.2905225863596,61.96235585705204,13.89627005216022
pulse_current,PULSE,current,8,0.49755929534494636,0.2354787914575337,0.3540596397992324,0.0,0.2354787914575337,0.1211642554866647,0.2943183202696666,0.467692807537668,0.2379888721926654,0.02036708985336089,0.0,0.006515106780828658,0.015761243972049994,0.00992520421218384,0.2583322930969916,0.0,0.2337983401024192,0.16772267895480966,0.0,0.03930223403208346,0.08343666961913197,0.024539907489420334,0.04697372305875406,0.017877177443165044,0.018979431158350556,0.020421218384017323,159.92520421218384,61.15764993683059,13.728963684676705
pulse_high,PULSE,high,8,0.49755929534494636,0.2354787914575337,0.35328215726798545,0.0,0.2354787914575337,0.12033756520027557,0.29699447965651193,0.4662032304232263,0.2368022899202617,0.02036708985336089,0.0,0.006682413148312174,0.01446215923629564,0.00992520421218384,0.2583322930969916,0.0,0.23980222496909764,0.16959030582804385,0.0,0.03930223403208346,0.07534199389823837,0.024603877571105204,0.04697372305875406,0.017877177443165044,0.018979431158350556,0.019875012301938784,178.1320736148017,62.7670617772735,13.965160909359314
fqa_pulse_base,FQA + PULSE,base,8,0.49755929534494636,0.2354787914575337,0.3530361184922744,0.0,0.2354787914575337,0.12000295246530854,0.29409111411817773,0.468610325173248,0.23729856070857425,0.044975888199980316,0.014595020175179609,0.007917527802381655,0.030843420923137486,0.011927959846471804,0.5704656097865435,0.3826603018965295,0.293827611395179,0.3381710277852711,0.0,0.030789292392481054,0.07077551422104124,0.022945576222812715,0.046742446609585674,0.017877177443165044,0.018979431158350556,0.018649739198897747,165.33805727782698,47.477649293065845,13.812616868418463
fqa_pulse_current,FQA + PULSE,current,8,0.49755929534494636,0.2354787914575337,0.3529180198799331,0.0,0.2354787914575337,0.11997834858773743,0.29464358953326225,0.46743499302764335,0.23792141743909442,0.044975888199980316,0.015697273890365123,0.008522783190630843,0.0324377521897451,0.01276449168388938,0.5704656097865435,0.41171915332989156,0.3162892622352082,0.3626960110041266,0.0,0.030203720106288752,0.06794606830036413,0.022660171242987893,0.046609585670701704,0.017877177443165044,0.018979431158350556,0.018123216218876095,165.8301348292491,41.844707851515665,13.94055703178821
fqa_pulse_high,FQA + PULSE,high,8,0.49755929534494636,0.2354787914575337,0.3529180198799331,0.0,0.2354787914575337,0.11997834858773743,0.29464358953326225,0.46743499302764335,0.23792141743909442,0.044975888199980316,0.015697273890365123,0.008522783190630843,0.0324377521897451,0.01276449168388938,0.5704656097865435,0.41171915332989156,0.3162892622352082,0.3626960110041266,0.0,0.030203720106288752,0.06794606830036413,0.022660171242987893,0.046609585670701704,0.017877177443165044,0.018979431158350556,0.018123216218876095,165.8301348292491,41.844707851515665,13.94055703178821
mentors_base,MENTORS,base,9,0.5637043598071056,0.263379588623167,0.3907587835842929,0.0,0.263379588623167,0.12980513728963686,0.2929982182796922,0.4692368929830547,0.23776488873725313,0.024298789489223503,0.0,0.006524948331857101,0.01866942230095463,0.01030410392677886,0.25576215880250686,0.0,0.2486405400337521,0.1785663858427072,0.0,0.04512351146540695,0.08982383623659089,0.023831315815372504,0.06012203523275268,0.017739395728766854,0.01941738017911623,0.017124298789489224,121.05107764983762,39.128340958343365,14.757405767148903
mentors_current,MENTORS,current,9,0.6315323294951284,0.3991782304891251,0.5136846767050487,0.10816848735360693,0.29100974313551814,0.11806416691270544,0.4857250031259117,0.41787187929812863,0.09640311757595965,0.03453400255880327,0.0,0.012843224092116917,0.03467670504871568,0.022197618344651115,0.32403730723058455,0.0,0.5165248367306551,0.35162916022154583,0.0,0.04337171538234426,0.07167109536462947,0.020406456057474657,0.05725322310796181,0.017650821769510876,0.018753075484696388,0.01611061903355969,94.478889873044,26.55301974217018,10.835547682314733
mentors_high,MENTORS,high,9,0.7311042220253912,0.5842633599055211,0.6728471607125283,0.2523570514713119,0.3319063084342092,0.09382934750516682,0.49370673379483954,0.4101636249213342,0.09612964128382631,0.050295246530853266,0.0,0.013955319358330873,0.0390315913788013,0.03188170455663813,0.40764966298408645,0.0,0.606890648405735,0.3961246504194966,0.0,0.04493160122035233,0.06800511760653478,0.017931305973821473,0.05534396220844405,0.017655742545025097,0.018944985729751007,0.016056490502903257,72.82747761047142,30.50927012438395,7.51402421021553
prompts_base,PROMPTS,base,9,0.5637043598071056,0.263379588623167,0.3907587835842929,0.0,0.263379588623167,0.12980513728963686,0.2929982182796922,0.4692368929830547,0.23776488873725313,0.024298789489223503,0.0,0.006524948331857101,0.01866942230095463,0.01030410392677886,0.25576215880250686,0.0,0.2486405400337521,0.1785663858427072,0.0,0.04512351146540695,0.08982383623659089,0.023831315815372504,0.06012203523275268,0.017739395728766854,0.01941738017911623,0.017124298789489224,121.05107764983762,39.128340958343365,14.757405767148903
prompts_current,PROMPTS,current,9,0.6697323098120264,0.4124840074795788,0.5282747761047141,0.09742151363054817,0.3150624938490306,0.11981104222025392,0.4871447346804666,0.4171595202891408,0.09569574503039265,0.030730243086310404,0.0,0.013310697765967917,0.03550339533510481,0.0223107961814782,0.27152173913043476,0.0,0.5361744301288405,0.3578514036305922,0.0,0.04377521897451038,0.07159236295640192,0.020308040547190237,0.05784863694518256,0.017862415116622378,0.018605452219269757,0.016090935931502806,89.06603680740085,25.847307033698428,10.412360988091724
prompts_high,PROMPTS,high,9,0.7769855329199882,0.6010825706131286,0.6905963979923236,0.23804251550044286,0.3630400551126858,0.09500541285306564,0.49386232972497024,0.4094887864505102,0.09664888382451961,0.03547879145753371,0.0,0.015042810746973723,0.04086211987009153,0.03199980316897943,0.2707269450285371,0.0,0.6291417987240173,0.40548854924556865,0.0,0.04570908375159925,0.06894990650526522,0.018605452219269757,0.055580159433126664,0.017803365810451728,0.01899419348489322,0.015761243972049994,58.06515106780829,26.914663337647312,7.071154413935636
blood_base,Blood,base,9,0.5637043598071056,0.263379588623167,0.3907587835842929,0.0,0.263379588623167,0.12980513728963686,0.2929982182796922,0.4692368929830547,0.23776488873725313,0.024298789489223503,0.0,0.006524948331857101,0.01866942230095463,0.01030410392677886,0.25576215880250686,0.0,0.2486405400337521,0.1785663858427072,0.0,0.04512351146540695,0.08982383623659089,0.023831315815372504,0.06012203523275268,0.017739395728766854,0.01941738017911623,0.017124298789489224,121.05107764983762,39.128340958343365,14.757405767148903
blood_current,Blood,current,9,0.5637043598071056,0.263379588623167,0.3907587835842929,0.0,0.263379588623167,0.12980513728963686,0.2929982182796922,0.4692368929830547,0.23776488873725313,0.024298789489223503,0.0,0.006524948331857101,0.01866942230095463,0.01030410392677886,0.25576215880250686,0.0,0.2486405400337521,0.1785663858427072,0.0,0.04512351146540695,0.08982383623659089,0.023831315815372504,0.06012203523275268,0.017739395728766854,0.01941738017911623,0.017124298789489224,119.0827674441492,38.375872862990605,14.757405767148903
blood_high,Blood,high,9,0.5637043598071056,0.263379588623167,0.3907587835842929,0.0,0.263379588623167,0.12980513728963686,0.2929982182796922,0.4692368929830547,0.23776488873725313,0.024298789489223503,0.0,0.006524948331857101,0.01866942230095463,0.01030410392677886,0.25576215880250686,0.0,0.2486405400337521,0.1785663858427072,0.0,0.04512351146540695,0.08982383623659089,0.023831315815372504,0.06012203523275268,0.017739395728766854,0.01941738017911623,0.017124298789489224,116.62237968703869,37.62340476763785,14.757405767148903
referral_base,Referral,base,9,0.5637043598071056,0.263379588623167,0.3907587835842929,0.0,0.263379588623167,0.12980513728963686,0.2929982182796922,0.4692368929830547,0.23776488873725313,0.024298789489223503,0.0,0.006524948331857101,0.01866942230095463,0.01030410392677886,0.25576215880250686,0.0,0.2486405400337521,0.1785663858427072,0.0,0.04512351146540695,0.08982383623659089,0.023831315815372504,0.06012203523275268,0.017739395728766854,0.01941738017911623,0.017124298789489224,121.05107764983762,39.128340958343365,14.757405767148903
referral_current,Referral,current,9,0.5637043598071056,0.263379588623167,0.3907587835842929,0.0,0.263379588623167,0.12980513728963686,0.38557185640092495,0.44561962166875163,0.16880852193032336,0.024298789489223503,0.0,0.006524948331857101,0.01866942230095463,0.01030410392677886,0.25576215880250686,0.0,0.2486405400337521,0.1785663858427072,0.0,0.04512351146540695,0.08982383623659089,0.023831315815372504,0.06012203523275268,0.017739395728766854,0.01941738017911623,0.017124298789489224,120.55900009841551,38.375872862990605,14.757405767148903
referral_high,Referral,high,9,0.5637043598071056,0.263379588623167,0.3907587835842929,0.0,0.263379588623167,0.12980513728963686,0.4795860343455021,0.42340498123507336,0.09700898441942454,0.024298789489223503,0.0,0.006524948331857101,0.01866942230095463,0.01030410392677886,0.25576215880250686,0.0,0.2486405400337521,0.1785663858427072,0.0,0.04512351146540695,0.08982383623659089,0.023831315815372504,0.06012203523275268,0.017739395728766854,0.01941738017911623,0.017124298789489224,119.57484499557131,36.8709366722851,14.757405767148903
pulse_base,PULSE,base,9,0.5637043598071056,0.263379588623167,0.3907587835842929,0.0,0.263379588623167,0.12980513728963686,0.2929982182796922,0.4692368929830547,0.23776488873725313,0.024298789489223503,0.0,0.006524948331857101,0.01866942230095463,0.01030410392677886,0.25576215880250686,0.0,0.2486405400337521,0.1785663858427072,0.0,0.04512351146540695,0.08982383623659089,0.023831315815372504,0.06012203523275268,0.017739395728766854,0.01941738017911623,0.017124298789489224,121.05107764983762,39.128340958343365,14.757405767148903
pulse_current,PULSE,current,9,0.5637043598071056,0.263379588623167,0.3896171636649936,0.0,0.263379588623167,0.12863399271725223,0.29486247656937375,0.46769442638001607,0.23744309705061015,0.024298789489223503,0.0,0.0066725715972837316,0.016779844503493752,0.01030410392677886,0.25576215880250686,0.0,0.25426589161822616,0.17531232327386767,0.0,0.04512351146540695,0.08221139651609094,0.023929731325656924,0.06012203523275268,0.017739395728766854,0.01941738017911623,0.016740478299379982,138.76586950103336,42.89068143510715,14.732801889577797
pulse_high,PULSE,high,9,0.5637043598071056,0.263379588623167,0.3889873043991733,0.0,0.263379588623167,0.12807302430863104,0.2961155722903139,0.46789872055941906,0.23598570715026704,0.024298789489223503,0.0,0.0068349571892530265,0.015987599645704162,0.01030410392677886,0.25576215880250686,0.0,0.2604537783611476,0.18406889128094725,0.0,0.04512351146540695,0.07476134238756028,0.024037988386969786,0.06012203523275268,0.017739395728766854,0.01941738017911623,0.016912705442377718,139.7500246038776,49.662894293281965,14.619624052750712
fqa_pulse_base,FQA + PULSE,base,9,0.5637043598071056,0.263379588623167,0.38846078141915164,0.0,0.263379588623167,0.12744808581832498,0.2944787644787645,0.46806949806949805,0.23745173745173745,0.05334612734967031,0.01771971262670997,0.008183249680149591,0.032206475740576716,0.012405275071351245,0.5615061894649609,0.4025262687234518,0.32499511432479966,0.35035597666077833,0.0,0.034981793130597384,0.06655840960535381,0.022433815569333725,0.059935045763212284,0.017739395728766854,0.01941738017911623,0.015160909359315028,131.3847062297018,30.098723814110283,15.032969195945281
fqa_pulse_current,FQA + PULSE,current,9,0.5637043598071056,0.263379588623167,0.38862808778663516,0.0,0.263379588623167,0.12750713512449563,0.29449675825872185,0.46816146958937943,0.23734177215189872,0.05334612734967031,0.01900895581143588,0.008749138864285012,0.03453400255880327,0.013113866745399074,0.5615061894649609,0.43215124734310323,0.34746922024623805,0.3827860805061634,0.0,0.03433225076272021,0.0630745005412853,0.02211888593642358,0.05984155102844208,0.017739395728766854,0.01941738017911623,0.01521011711445724,139.25794705245548,39.128340958343365,14.663911032378703
fqa_pulse_high,FQA + PULSE,high,9,0.5637043598071056,0.263379588623167,0.38862808778663516,0.0,0.263379588623167,0.12750713512449563,0.29449675825872185,0.46816146958937943,0.23734177215189872,0.05334612734967031,0.01900895581143588,0.008749138864285012,0.03453400255880327,0.013113866745399074,0.5615061894649609,0.43215124734310323,0.34746922024623805,0.3827860805061634,0.0,0.03433225076272021,0.0630745005412853,0.02211888593642358,0.05984155102844208,0.017739395728766854,0.01941738017911623,0.01521011711445724,139.25794705245548,39.128340958343365,14.663911032378703
mentors_base,MENTORS,base,10,0.50173703375652,0.23762917035724831,0.36184430666273004,0.0,0.23762917035724831,0.12695600826690287,0.2951550387596899,0.46674418604651163,0.23810077519379844,0.02438736344847948,0.0,0.0074598956795590985,0.02273398287570121,0.011312862907194174,0.246505844317334,0.0,0.2881581448393841,0.20123704155414235,0.0,0.04019289440015746,0.09567955909851393,0.023043991733097135,0.04513827379194961,0.017704950300167305,0.018940064954236786,0.021105206180494045,173.21129810058065,58.49265236134037,16.996358626119477
mentors_current,MENTORS,current,10,0.601112095266214,0.3915903946461962,0.5017862415116623,0.11325656923531148,0.27833382541088475,0.11465899025686448,0.48761855714347024,0.41684906227200547,0.09553238058452428,0.03734376537742348,0.0,0.01247416592855034,0.037299478397795495,0.024028146835941344,0.31447870048068954,0.0,0.5071014202840568,0.3435304781327895,0.0,0.03976478693042024,0.08006101761637634,0.019934061608109437,0.0428894793819506,0.017744316504281075,0.01910245054620608,0.01980120066922547,108.74913886428502,29.173507741156353,11.637634091132762
mentors_high,MENTORS,high,10,0.7007627202047043,0.5762424958173408,0.6624544828264934,0.2571105206180494,0.31913197519929143,0.09263851983072532,0.49681291830447255,0.40725592266015087,0.0959311590353766,0.05601318767837811,0.0,0.0141718334809566,0.04377029819899616,0.03493750615096939,0.4044269167910183,0.0,0.6005004170141784,0.397968770972216,0.0,0.042259620116130305,0.07773841157366401,0.018029721484105896,0.040739100482236,0.01776892038185218,0.01909260899517764,0.019776596791654364,89.55811435882295,30.43576859267393,8.512941639602403
prompts_base,PROMPTS,base,10,0.50173703375652,0.23762917035724831,0.36184430666273004,0.0,0.23762917035724831,0.12695600826690287,0.2951550387596899,0.46674418604651163,0.23810077519379844,0.02438736344847948,0.0,0.0074598956795590985,0.02273398287570121,0.011312862907194174,0.246505844317334,0.0,0.2881581448393841,0.20123704155414235,0.0,0.04019289440015746,0.09567955909851393,0.023043991733097135,0.04513827379194961,0.017704950300167305,0.018940064954236786,0.021105206180494045,173.21129810058065,58.49265236134037,16.996358626119477
prompts_current,PROMPTS,current,10,0.6412164157071154,0.39571400452711347,0.509994095069383,0.09341600236197224,0.30229800216514124,0.1190827674441492,0.48760330578512395,0.41702479338842974,0.09537190082644628,0.03310205688416495,0.0,0.012695600826690287,0.03883476035823246,0.02395433520322803,0.260837533927879,0.0,0.5126167295847407,0.3544099155739177,0.0,0.04074894203326444,0.08059246137191221,0.019909457730538333,0.042382639503985825,0.017626217891939768,0.01900895581143588,0.020175179608306268,110.71744906997344,35.79430207739524,11.24397204999508
prompts_high,PROMPTS,high,10,0.7487353606928452,0.5857592756618443,0.6747170554079323,0.23542466292687728,0.350334612734967,0.09620116130302135,0.4979539641943734,0.40670076726342713,0.09534526854219949,0.03826395039858282,0.0,0.014732801889577797,0.0449955713020372,0.03427320145654955,0.2581759022543909,0.0,0.6209041891331398,0.4011054086063956,0.0,0.04344552701505757,0.07831414230882787,0.01782304891250861,0.04079814978840665,0.017862415116622378,0.018959748056293673,0.020209625036905817,80.20864088180296,37.354594323269,7.98641865958075
blood_base,Blood,base,10,0.50173703375652,0.23762917035724831,0.36184430666273004,0.0,0.23762917035724831,0.12695600826690287,0.2951550387596899,0.46674418604651163,0.23810077519379844,0.02438736344847948,0.0,0.0074598956795590985,0.02273398287570121,0.011312862907194174,0.246505844317334,0.0,0.2881581448393841,0.20123704155414235,0.0,0.04019289440015746,0.09567955909851393,0.023043991733097135,0.04513827379194961,0.017704950300167305,0.018940064954236786,0.021105206180494045,173.21129810058065,58.49265236134037,16.996358626119477
blood_current,Blood,current,10,0.50173703375652,0.23762917035724831,0.36184430666273004,0.0,0.23762917035724831,0.12695600826690287,0.2951550387596899,0.46674418604651163,0.23810077519379844,0.02438736344847948,0.0,0.0074598956795590985,0.02273398287570121,0.011312862907194174,0.246505844317334,0.0,0.2881581448393841,0.20123704155414235,0.0,0.04019289440015746,0.09567955909851393,0.023043991733097135,0.04513827379194961,0.017704950300167305,0.018940064954236786,0.021105206180494045,170.25883279204803,56.890113940481726,16.996358626119477
blood_high,Blood,high,10,0.50173703375652,0.23762917035724831,0.36184430666273004,0.0,0.23762917035724831,0.12695600826690287,0.2951550387596899,0.46674418604651163,0.23810077519379844,0.02438736344847948,0.0,0.0074598956795590985,0.02273398287570121,0.011312862907194174,0.246505844317334,0.0,0.2881581448393841,0.20123704155414235,0.0,0.04019289440015746,0.09567955909851393,0.023043991733097135,0.04513827379194961,0.017704950300167305,0.018940064954236786,0.021105206180494045,164.84597972640486,55.28757551962308,16.996358626119477
referral_base,Referral,base,10,0.50173703375652,0.23762917035724831,0.36184430666273004,0.0,0.23762917035724831,0.12695600826690287,0.2951550387596899,0.46674418604651163,0.23810077519379844,0.02438736344847948,0.0,0.0074598956795590985,0.02273398287570121,0.011312862907194174,0.246505844317334,0.0,0.2881581448393841,0.20123704155414235,0.0,0.04019289440015746,0.09567955909851393,0.023043991733097135,0.04513827379194961,0.017704950300167305,0.018940064954236786,0.021105206180494045,173.21129810058065,58.49265236134037,16.996358626119477
referral_current,Referral,current,10,0.50173703375652,0.23762917035724831,0.36184430666273004,0.0,0.23762917035724831,0.12695600826690287,0.3871705426356589,0.44406976744186044,0.1687596899224806,0.02438736344847948,0.0,0.0074598956795590985,0.02273398287570121,0.011312862907194174,0.246505844317334,0.0,0.2881581448393841,0.20123704155414235,0.0,0.04019289440015746,0.09567955909851393,0.023043991733097135,0.04513827379194961,0.017704950300167305,0.018940064954236786,0.021105206180494045,171.24298789489225,55.28757551962308,16.996358626119477
referral_high,Referral,high,10,0.50173703375652,0.23762917035724831,0.36184430666273004,0.0,0.23762917035724831,0.12695600826690287,0.4801550387596899,0.422984496124031,0.09686046511627908,0.02438736344847948,0.0,0.0074598956795590985,0.02273398287570121,0.011312862907194174,0.246505844317334,0.0,0.2881581448393841,0.20123704155414235,0.0,0.04019289440015746,0.09567955909851393,0.023043991733097135,0.04513827379194961,0.017704950300167305,0.018940064954236786,0.021105206180494045,170.25883279204803,53.68503709876444,16.996358626119477
pulse_base,PULSE,base,10,0.50173703375652,0.23762917035724831,0.36184430666273004,0.0,0.23762917035724831,0.12695600826690287,0.2951550387596899,0.46674418604651163,0.23810077519379844,0.02438736344847948,0.0,0.0074598956795590985,0.02273398287570121,0.011312862907194174,0.246505844317334,0.0,0.2881581448393841,0.20123704155414235,0.0,0.04019289440015746,0.09567955909851393,0.023043991733097135,0.04513827379194961,0.017704950300167305,0.018940064954236786,0.021105206180494045,173.21129810058065,58.49265236134037,16.996358626119477
pulse_current,PULSE,current,10,0.50173703375652,0.23762917035724831,0.3602204507430371,0.0,0.23762917035724831,0.12529278614309616,0.2964024821302333,0.4659885319299348,0.2376089859398319,0.02438736344847948,0.0,0.007430371026473773,0.02050487156775908,0.011312862907194174,0.246505844317334,0.0,0.2870176772476715,0.19828693790149893,0.0,0.04019289440015746,0.08771774431650428,0.022930813896270053,0.04513827379194961,0.017704950300167305,0.018940064954236786,0.02074106879244169,179.608306269068,59.29392157176969,16.430469441984055
pulse_high,PULSE,high,10,0.50173703375652,0.23762917035724831,0.35942820588524754,0.0,0.23762917035724831,0.12438736344847948,0.29816441174143526,0.4652662394176755,0.23656934884088932,0.02438736344847948,0.0,0.007307351638618246,0.01923039070957583,0.011312862907194174,0.246505844317334,0.0,0.28226572894886903,0.20488623256789346,0.0,0.04019289440015746,0.07938687137092806,0.0230587540596398,0.04513827379194961,0.017704950300167305,0.018940064954236786,0.020165338057277826,170.25883279204803,53.68503709876444,16.25824229898632
fqa_pulse_base,FQA + PULSE,base,10,0.50173703375652,0.23762917035724831,0.35929534494636356,0.0,0.23762917035724831,0.12420037397893909,0.29496830427892234,0.46735340729001584,0.2376782884310618,0.05379883869697864,0.018836728668438146,0.009088672374766264,0.04002558803267395,0.013733884460190925,0.5437950758517781,0.4826021180030257,0.36237002158132237,0.4020363780150257,0.0,0.028944001574648163,0.06993898238362366,0.021508709772660173,0.044902076567267,0.017704950300167305,0.018940064954236786,0.017744316504281075,163.86182462356066,48.87742183618852,17.212872748745202
fqa_pulse_current,FQA + PULSE,current,10,0.50173703375652,0.23762917035724831,0.3588131089459699,0.0,0.23762917035724831,0.1239494144277138,0.29576402397872087,0.46627496129262774,0.2379610147286514,0.05379883869697864,0.020189941934848934,0.00963979923235902,0.04206278909556146,0.014629465603779156,0.5437950758517781,0.5175980825028385,0.38434373160682755,0.43078163584135465,0.0,0.028525735655939376,0.06687333923826395,0.021326641078633992,0.0448085818324968,0.017704950300167305,0.018940064954236786,0.018108453892333433,150.57573073516386,39.26219131103668,16.956992422005708
fqa_pulse_high,FQA + PULSE,high,10,0.50173703375652,0.23762917035724831,0.3588131089459699,0.0,0.23762917035724831,0.1239494144277138,0.29576402397872087,0.46627496129262774,0.2379610147286514,0.05379883869697864,0.020189941934848934,0.00963979923235902,0.04206278909556146,0.014629465603779156,0.5437950758517781,0.5175980825028385,0.38434373160682755,0.43078163584135465,0.0,0.028525735655939376,0.06687333923826395,0.021326641078633992,0.0448085818324968,0.017704950300167305,0.018940064954236786,0.018108453892333433,150.57573073516386,39.26219131103668,16.956992422005708
